Red,Green,Blue,Clear,Distance,Label
206,164,159,256,24,Red
169,125,121,222,24,Red
210,82,80,261,26,Red
201,161,156,250,27,Red
168,126,122,218,28,Red
126,82,80,177,25,Red
203,162,158,253,27,Red
170,129,126,219,26,Red
124,81,80,174,29,Red
206,164,160,256,26,Red
180,138,134,231,22,Red
127,83,81,180,26,Red
210,169,164,262,24,Red
186,144,140,240,23,Red
136,91,88,194,21,Red
240,196,190,301,22,Red
214,171,165,277,19,Red
156,107,103,225,20,Red
269,223,215,337,20,Red
258,208,200,327,20,Red
174,122,117,247,20,Red
304,252,243,375,20,Red
300,245,236,377,24,Red
230,165,159,323,22,Red
360,300,291,440,22,Red
323,265,256,401,21,Red
226,166,160,310,27,Red
409,343,336,494,25,Red
384,320,313,468,30,Red
302,233,228,399,33,Red
486,415,411,582,37,Red
642,554,549,770,24,Red
446,350,344,583,32,Red
216,122,113,788,37,Red
629,543,538,754,39,Red
409,329,324,530,39,Red
200,115,107,333,38,Red
580,499,495,700,36,Red
435,358,353,550,35,Red
175,104,97,284,36,Red
530,459,456,628,36,Red
470,390,386,582,32,Red
208,122,114,330,34,Red
617,534,531,728,34,Red
453,376,372,556,30,Red
204,131,126,301,33,Red
656,568,564,776,23,Red
584,477,472,725,24,Red
287,189,181,423,37,Red
628,544,541,741,28,Red
415,346,341,502,31,Red
238,167,162,332,35,Red
531,456,453,627,19,Red
320,264,257,387,20,Red
174,126,122,234,20,Red
291,242,234,352,22,Red
316,261,253,386,32,Red
293,221,216,389,30,Red
473,404,399,558,20,Red
311,259,251,376,24,Red
256,195,189,334,28,Red
437,373,368,516,35,Red
531,461,458,624,37,Red
387,313,309,487,38,Red
187,106,99,735,36,Red
623,545,543,726,29,Red
343,276,272,428,27,Red
160,95,91,244,28,Red
444,378,373,523,28,Red
358,290,285,443,36,Red
174,101,96,272,38,Red
596,519,517,697,25,Red
525,434,430,646,23,Red
237,136,126,384,21,Red
697,580,577,851,24,Red
559,464,460,686,38,Red
237,154,147,356,24,Red
694,593,590,828,21,Red
594,485,480,743,23,Red
369,228,214,589,25,Red
742,605,598,945,23,Red
644,523,520,818,29,Red
327,185,169,556,21,Red
682,554,547,875,24,Red
621,524,520,754,32,Red
338,253,247,458,25,Red
684,563,562,847,21,Red
683,551,545,872,24,Red
397,292,284,544,27,Red
682,584,582,808,34,Red
616,533,529,728,29,Red
407,317,312,531,24,Red
685,584,581,816,38,Red
624,544,541,731,36,Red
375,301,297,473,39,Red
186,104,97,720,26,Red
664,576,572,780,38,Red
403,331,328,500,29,Red
151,90,85,232,23,Red
384,327,320,454,28,Red
359,296,292,446,27,Red
145,89,84,225,22,Red
354,302,294,421,21,Red
287,235,228,357,30,Red
167,104,99,256,30,Red
488,425,422,568,30,Red
393,330,327,471,33,Red
196,131,126,284,39,Red
591,520,518,684,35,Red
445,378,374,531,38,Red
253,178,172,356,34,Red
583,510,508,679,34,Red
563,483,479,670,26,Red
320,228,221,447,26,Red
681,582,579,813,31,Red
606,517,513,726,33,Red
344,255,249,468,30,Red
659,570,567,779,35,Red
588,507,503,700,34,Red
323,246,241,431,34,Red
655,568,563,780,25,Red
645,551,547,781,25,Red
425,326,320,570,23,Red
684,580,108,830,34,Red
619,540,537,735,29,Red
302,237,232,389,25,Red
158,93,88,244,25,Red
365,304,297,439,27,Red
334,263,258,426,31,Red
168,97,91,264,28,Red
449,381,376,534,26,Red
313,250,244,392,26,Red
155,92,87,239,28,Red
418,354,348,494,19,Red
255,203,196,318,19,Red
128,83,80,182,20,Red
240,197,191,292,20,Red
218,174,169,272,20,Red
139,93,90,196,21,Red
258,215,208,313,21,Red
285,234,226,350,22,Red
173,120,115,244,22,Red
284,240,231,346,23,Red
234,194,187,296,18,Red
174,125,120,243,32,Red
486,423,420,567,38,Red
545,473,470,643,33,Red
322,245,239,431,36,Red
607,530,527,712,28,Red
622,539,535,737,37,Red
290,223,219,380,32,Red
467,401,397,551,28,Red
437,373,368,519,24,Red
263,203,197,341,26,Red
413,351,88,491,27,Red
406,342,335,487,29,Red
321,249,243,417,38,Red
188,106,100,302,35,Red
588,508,505,697,36,Red
392,316,311,497,28,Red
168,98,93,263,27,Red
439,370,365,525,26,Red
338,271,265,423,24,Red
158,94,90,243,22,Red
363,302,294,439,34,Red
408,332,327,509,28,Red
174,109,104,268,21,Red
359,304,295,447,25,Red
332,276,267,439,22,Red
179,132,123,295,22,Red
324,284,272,428,21,Red
341,290,280,451,31,Red
219,156,150,325,25,Red
402,341,334,488,23,Red
318,262,254,394,19,Red
196,138,133,275,23,Red
406,341,334,488,28,Red
414,346,340,506,33,Red
272,202,196,374,28,Red
423,358,352,512,23,Red
347,290,282,425,34,Red
322,246,240,430,32,Red
640,557,553,758,39,Red
593,517,514,700,28,Red
287,224,219,372,22,Red
372,313,86,451,21,Red
368,308,300,446,21,Red
275,215,208,357,21,Red
147,88,84,228,19,Red
314,264,255,380,21,Red
231,183,176,297,23,Red
139,85,81,212,28,Red
423,360,354,500,30,Red
357,294,289,440,26,Red
147,88,83,230,27,Red
411,351,346,486,33,Red
385,321,317,472,24,Red
149,98,93,224,22,Red
246,209,201,308,24,Red
183,150,144,241,24,Red
127,90,87,186,21,Red
226,190,183,283,21,Red
209,171,165,266,22,Red
138,101,97,196,29,Red
191,160,154,248,28,Red
179,149,143,241,24,Red
139,105,101,200,25,Red
207,173,167,266,27,Red
201,165,159,258,27,Red
144,108,104,195,31,Red
182,148,144,231,32,Red
173,139,136,222,30,Red
144,109,106,195,28,Red
188,152,148,239,32,Red
177,142,139,226,33,Red
145,110,108,195,32,Red
181,85,82,235,27,Red
207,170,165,267,31,Red
153,121,117,211,35,Red
120,89,86,179,34,Red
173,143,139,233,37,Red
150,120,116,208,36,Red
122,90,87,180,34,Red
174,142,138,230,36,Red
156,123,120,210,36,Red
125,91,89,178,33,Red
179,145,141,232,32,Red
172,136,133,227,32,Red
139,101,99,198,31,Red
210,172,167,270,24,Red
205,164,159,268,23,Red
161,114,110,230,25,Red
244,203,196,314,23,Red
215,179,172,291,25,Red
157,116,112,228,25,Red
229,191,184,294,23,Red
240,197,190,308,23,Red
156,114,111,215,26,Red
207,167,162,260,27,Red
202,160,155,253,27,Red
158,115,112,207,30,Red
199,157,154,245,26,Red
203,160,156,251,24,Red
176,129,126,229,22,Red
244,197,191,298,24,Red
219,175,170,268,31,Red
151,112,110,192,32,Red
177,81,80,217,30,Red
181,142,140,223,33,Red
155,116,114,196,35,Red
118,80,79,157,38,Red
160,125,123,198,44,Red
136,103,101,175,39,Red
111,78,77,153,32,Red
167,134,131,213,28,Red
158,125,121,211,31,Red
112,80,77,164,28,Red
175,144,139,225,30,Red
165,129,126,209,28,Red
123,84,82,166,27,Red
196,158,154,239,27,Red
179,140,136,221,29,Red
131,91,89,173,29,Red
198,159,155,241,28,Red
186,146,143,230,27,Red
140,99,97,184,29,Red
197,157,153,240,29,Red
187,148,144,231,26,Red
150,108,105,197,23,Red
221,180,174,271,20,Red
248,205,198,311,24,Red
214,167,159,304,24,Red
375,328,318,477,24,Red
378,324,315,474,18,Red
219,170,163,301,20,Red
267,225,217,335,24,Red
219,179,173,273,27,Red
154,116,113,199,34,Red
115,78,77,212,35,Red
159,123,121,195,39,Red
136,100,99,170,42,Red
111,76,75,144,44,Red
143,110,108,175,46,Red
127,94,93,158,40,Red
105,72,71,137,39,Red
144,112,110,178,40,Red
132,99,98,167,35,Red
106,73,72,144,35,Red
160,128,125,200,30,Red
150,118,115,194,32,Red
108,79,76,158,28,Red
174,145,140,227,29,Red
167,136,131,220,26,Red
125,89,86,177,26,Red
216,179,173,265,24,Red
200,161,156,247,22,Red
141,100,97,189,24,Red
226,186,181,273,31,Red
170,134,131,209,29,Red
127,91,90,165,34,Red
170,135,132,208,34,Red
155,120,118,191,27,Red
148,108,105,193,26,Red
229,189,183,278,23,Red
232,190,184,282,23,Red
173,130,126,224,23,Red
220,182,176,271,25,Red
191,159,154,244,29,Red
146,115,112,202,34,Red
169,84,81,229,31,Red
170,146,142,236,30,Red
148,119,115,205,38,Red
104,75,74,148,41,Red
140,111,109,180,38,Red
129,98,96,168,42,Red
129,89,88,202,44,Red
289,167,161,467,49,Red
289,155,149,464,55,Red
284,142,136,461,53,Red
307,160,153,490,46,Red
323,168,159,530,45,Red
305,158,149,514,44,Red
318,175,166,526,48,Red
322,172,163,533,49,Red
338,171,161,560,46,Red
371,193,183,600,48,Red
361,184,175,580,50,Red
349,173,164,566,53,Red
354,182,174,565,59,Red
319,170,162,514,61,Red
311,168,160,515,64,Red
330,186,176,550,60,Red
321,196,184,558,54,Red
331,203,189,592,57,Red
360,219,205,631,54,Red
380,230,214,669,57,Red
387,229,213,685,52,Red
396,237,221,690,53,Red
409,243,227,711,46,Red
421,249,233,741,42,Red
444,270,232,776,47,Red
452,279,264,791,42,Red
446,274,259,799,40,Red
424,260,246,791,37,Red
457,305,288,843,41,Red
441,297,278,844,37,Red
409,254,239,779,34,Red
441,289,275,789,32,Red
409,250,239,712,38,Red
375,198,191,636,39,Red
417,231,224,666,45,Red
392,206,199,620,43,Red
359,179,173,572,44,Red
375,195,189,581,45,Red
365,185,179,566,44,Red
360,174,168,562,47,Red
377,190,184,579,45,Red
382,188,181,587,43,Red
394,184,177,618,45,Red
425,216,207,673,44,Red
437,232,219,723,43,Red
444,227,213,752,40,Red
497,264,248,818,41,Red
527,276,259,871,37,Red
536,253,238,879,31,Red
603,295,282,940,35,Red
583,277,266,894,40,Red
493,217,208,762,45,Red
479,224,215,728,45,Red
449,218,210,688,39,Red
406,199,192,635,36,Red
407,218,168,626,37,Red
379,215,209,582,35,Red
344,189,185,538,34,Red
308,159,156,495,33,Red
347,212,207,529,39,Red
309,185,181,494,32,Red
272,156,151,462,30,Red
327,220,213,517,27,Red
304,208,200,499,28,Red
244,149,144,428,32,Red
311,211,206,476,34,Red
282,177,173,434,35,Red
260,143,140,417,33,Red
331,203,198,503,37,Red
344,196,191,535,41,Red
343,171,166,551,42,Red
384,202,195,591,44,Red
387,194,187,600,42,Red
373,181,173,601,44,Red
398,213,203,639,41,Red
380,216,203,648,44,Red
337,195,181,604,45,Red
344,213,198,619,44,Red
335,206,192,605,45,Red
315,178,167,552,44,Red
321,183,173,537,45,Red
319,186,177,536,43,Red
283,169,161,491,40,Red
275,180,172,468,42,Red
228,160,155,382,44,Red
184,130,126,311,48,Red
177,133,108,294,52,Red
162,126,122,268,54,Red
151,119,115,258,52,Red
163,122,118,293,49,Red
215,154,149,374,51,Red
274,173,165,478,51,Red
285,171,163,508,52,Red
307,183,175,523,57,Red
310,179,171,530,61,Red
283,162,154,485,73,Red
269,165,157,461,81,Red
253,158,150,435,85,Red
240,145,138,403,91,Red
235,142,136,383,93,Red
235,134,129,372,87,Red
246,130,125,383,88,Red
253,135,130,392,88,Red
247,131,126,384,86,Red
240,127,122,380,83,Red
240,132,127,384,81,Red
243,139,131,403,81,Red
239,137,130,403,83,Red
244,142,134,405,85,Red
250,141,134,406,84,Red
255,138,132,409,86,Red
263,141,135,413,86,Red
252,131,126,381,86,Red
252,125,122,372,83,Red
258,127,124,374,81,Red
277,133,130,401,74,Red
303,140,137,444,71,Red
325,153,149,480,65,Red
356,169,163,540,57,Red
378,182,174,596,58,Red
370,187,177,621,60,Red
376,205,194,628,61,Red
367,200,189,620,56,Red
367,189,179,609,62,Red
370,190,181,587,68,Red
340,165,159,515,71,Red
327,151,147,487,70,Red
334,157,152,489,70,Red
330,151,147,481,73,Red
330,146,142,485,69,Red
336,155,150,493,70,Red
330,154,149,494,70,Red
333,158,151,516,70,Red
335,169,161,523,72,Red
322,166,158,507,70,Red
315,161,154,499,73,Red
323,167,160,505,74,Red
340,167,161,519,69,Red
338,163,158,515,69,Red
343,171,166,518,69,Red
347,176,170,529,70,Red
340,174,167,525,66,Red
349,184,177,539,60,Red
352,188,181,551,58,Red
333,180,173,532,57,Red
329,185,179,524,54,Red
323,189,182,525,52,Red
319,196,187,547,48,Red
333,216,206,579,49,Red
332,225,214,592,47,Red
319,219,208,577,50,Red
315,215,203,592,47,Red
333,235,223,601,46,Red
318,224,211,581,48,Red
315,214,200,584,46,Red
343,238,223,625,43,Red
358,241,225,662,42,Red
380,244,225,724,39,Red
431,288,266,809,45,Red
446,319,290,901,47,Red
450,319,287,938,42,Red
484,350,319,971,42,Red
465,346,315,955,42,Red
429,321,291,907,38,Red
458,357,328,939,38,Red
438,342,315,898,31,Red
397,295,273,820,32,Red
440,331,310,838,34,Red
424,309,291,805,35,Red
379,271,253,751,36,Red
408,302,284,772,35,Red
379,259,248,675,41,Red
326,201,194,570,46,Red
325,207,200,542,43,Red
298,183,177,488,40,Red
282,165,161,462,38,Red
313,194,189,494,41,Red
309,194,189,486,36,Red
272,169,165,447,31,Red
296,203,198,470,33,Red
292,204,199,468,28,Red
256,173,168,428,31,Red
233,137,134,461,32,Red
293,192,188,451,37,Red
286,170,166,458,39,Red
309,162,158,513,35,Red
405,231,224,650,39,Red
459,237,228,752,38,Red
466,220,209,787,38,Red
529,271,258,867,35,Red
541,285,268,928,38,Red
504,279,257,943,37,Red
555,334,308,1014,38,Red
579,346,318,1073,42,Red
542,301,275,1009,38,Red
574,327,302,1016,42,Red
534,283,263,914,40,Red
504,242,226,844,37,Red
571,284,268,918,35,Red
596,278,264,936,38,Red
531,226,216,825,40,Red
524,238,229,792,41,Red
452,214,205,695,44,Red
416,202,192,668,43,Red
451,227,215,718,43,Red
505,240,229,794,43,Red
538,235,225,839,44,Red
568,253,243,864,42,Red
542,233,225,810,45,Red
529,218,210,798,45,Red
538,230,221,804,42,Red
555,236,227,831,44,Red
568,231,222,860,44,Red
568,221,211,907,40,Red
624,266,255,947,40,Red
648,270,258,1007,40,Red
587,232,221,920,41,Red
601,265,254,924,39,Red
544,248,237,857,41,Red
470,205,197,750,47,Red
466,220,212,721,45,Red
413,194,187,642,43,Red
386,177,170,612,42,Red
413,201,194,643,44,Red
434,206,198,682,41,Red
433,194,187,685,46,Red
458,213,205,709,47,Red
486,220,212,753,43,Red
532,234,224,845,33,Red
642,310,297,1007,27,Red
702,340,326,1099,24,Red
645,284,272,1026,23,Red
711,356,342,1084,25,Red
679,328,314,1035,25,Red
597,265,253,930,28,Red
630,312,299,945,33,Red
556,264,254,832,30,Red
508,229,219,784,26,Red
581,298,285,880,25,Red
609,307,294,928,23,Red
578,270,259,903,24,Red
625,324,311,951,24,Red
605,323,312,929,21,Red
528,280,271,840,20,Red
584,177,172,842,21,Red
478,331,321,672,21,Red
378,241,234,562,18,Red
297,156,152,488,24,Red
399,257,251,593,26,Red
391,231,225,607,23,Red
409,198,192,675,25,Red
680,452,442,955,30,Red
592,380,373,840,18,Red
355,172,167,564,27,Red
443,254,246,651,27,Red
454,239,232,688,29,Red
458,210,203,729,25,Red
558,303,292,839,24,Red
539,283,274,824,22,Red
486,230,222,785,20,Red
657,399,386,966,29,Red
701,446,437,1020,34,Red
493,276,268,788,29,Red
868,665,660,1142,38,Red
742,557,552,990,31,Red
417,253,246,638,27,Red
587,426,419,798,25,Red
560,382,373,789,20,Red
447,249,241,693,21,Red
548,336,326,804,24,Red
522,297,288,783,24,Red
459,231,224,716,25,Red
505,283,274,758,24,Red
504,286,277,754,23,Red
446,232,225,695,27,Red
486,277,183,732,23,Red
509,298,288,760,21,Red
489,270,261,750,21,Red
412,192,187,673,21,Red
545,334,324,797,23,Red
498,297,288,750,30,Red
391,188,180,655,35,Red
762,564,559,1022,36,Red
616,441,435,856,34,Red
125,142,118,213,36,Green
100,117,93,190,34,Green
144,165,137,239,32,Green
140,164,134,241,26,Green
108,132,102,213,28,Green
165,195,159,278,27,Green
162,197,157,284,25,Green
118,152,113,242,24,Green
172,208,167,294,25,Green
166,203,161,290,24,Green
125,164,121,257,22,Green
207,254,202,352,21,Green
231,291,227,404,22,Green
162,221,159,339,21,Green
243,305,240,418,20,Green
251,315,247,432,22,Green
158,209,155,314,20,Green
94,142,92,337,23,Green
231,286,227,388,24,Green
153,200,150,297,21,Green
95,150,94,261,22,Green
242,303,240,413,24,Green
231,307,231,442,24,Green
100,166,100,296,24,Green
303,378,302,510,27,Green
252,323,252,454,21,Green
102,161,101,284,24,Green
258,320,255,434,21,Green
204,265,202,378,31,Green
144,244,148,420,26,Green
328,408,328,546,23,Green
160,195,155,277,30,Green
98,124,93,198,30,Green
165,197,160,275,24,Green
183,226,179,318,21,Green
145,211,144,338,24,Green
305,373,302,498,22,Green
239,294,234,403,21,Green
170,238,168,374,25,Green
358,431,355,571,39,Green
460,558,464,741,23,Green
315,458,321,708,36,Green
512,615,517,803,35,Green
423,511,426,674,25,Green
332,461,339,682,23,Green
573,696,580,907,36,Green
544,655,551,843,27,Green
359,478,365,683,36,Green
118,206,120,368,36,Green
474,566,479,729,36,Green
365,466,371,640,24,Green
142,282,150,514,24,Green
580,698,586,907,31,Green
303,380,305,522,28,Green
107,180,107,321,30,Green
396,481,399,632,30,Green
426,544,433,747,27,Green
151,272,158,479,25,Green
598,759,609,1039,22,Green
476,612,483,847,31,Green
168,264,172,437,33,Green
447,538,453,699,34,Green
449,567,457,762,33,Green
217,350,224,572,28,Green
560,685,568,896,34,Green
473,575,479,752,26,Green
173,242,172,375,24,Green
308,373,305,492,22,Green
235,286,230,389,26,Green
199,275,198,421,37,Green
555,658,562,840,24,Green
332,396,327,527,26,Green
228,297,224,447,22,Green
597,711,599,929,27,Green
581,713,585,952,25,Green
355,459,357,658,37,Green
510,223,132,778,34,Green
433,518,436,673,35,Green
277,360,278,511,23,Green
147,286,153,519,36,Green
551,656,559,836,30,Green
280,355,280,495,25,Green
160,329,170,604,24,Green
593,777,606,1092,23,Green
444,618,456,912,25,Green
139,268,145,486,27,Green
557,671,565,865,36,Green
364,454,367,616,38,Green
159,274,165,472,30,Green
559,673,567,867,39,Green
391,483,396,648,33,Green
166,253,169,416,39,Green
547,650,554,830,37,Green
441,538,447,711,34,Green
224,335,229,530,39,Green
541,646,549,827,24,Green
529,669,537,909,21,Green
272,418,279,663,30,Green
564,675,571,865,33,Green
394,473,396,616,36,Green
259,353,262,524,39,Green
511,609,516,784,31,Green
527,644,534,844,28,Green
232,309,231,455,24,Green
301,367,297,491,25,Green
330,403,328,539,35,Green
361,491,367,714,24,Green
145,261,147,971,36,Green
463,547,464,713,38,Green
369,460,370,643,26,Green
161,276,162,497,25,Green
612,716,614,927,39,Green
418,510,420,694,33,Green
127,197,124,346,26,Green
359,426,356,557,38,Green
354,439,357,596,34,Green
139,225,140,388,36,Green
467,549,470,701,38,Green
441,542,447,721,25,Green
188,306,193,513,25,Green
612,731,617,948,23,Green
512,627,518,834,25,Green
240,400,250,666,22,Green
595,711,601,924,36,Green
452,542,456,706,36,Green
212,304,216,473,31,Green
543,653,551,840,24,Green
529,678,537,930,25,Green
287,445,297,709,23,Green
584,742,595,1020,24,Green
552,705,563,975,24,Green
320,453,329,691,23,Green
604,761,616,1049,28,Green
319,582,341,1001,24,Green
358,556,375,882,25,Green
552,743,198,1070,29,Green
449,641,461,998,23,Green
410,572,422,856,23,Green
192,413,208,768,30,Green
331,567,347,960,31,Green
282,527,299,921,27,Green
176,361,188,666,25,Green
579,712,584,954,24,Green
446,567,450,794,21,Green
152,264,155,481,23,Green
623,730,626,955,34,Green
353,411,351,562,30,Green
151,162,141,277,39,Green
192,200,182,312,33,Green
190,201,180,318,30,Green
159,171,149,292,31,Green
215,229,205,346,30,Green
201,216,191,328,33,Green
163,175,153,287,31,Green
211,224,200,334,35,Green
194,208,184,313,30,Green
154,171,144,273,31,Green
199,218,189,316,33,Green
183,199,174,295,35,Green
146,159,136,252,37,Green
171,184,162,275,39,Green
167,180,158,270,34,Green
145,160,136,252,34,Green
177,194,169,284,38,Green
166,179,157,266,35,Green
142,154,133,242,36,Green
118,131,109,270,34,Green
173,190,164,278,31,Green
149,170,142,257,30,Green
106,128,99,214,30,Green
179,205,172,288,25,Green
158,188,152,274,26,Green
101,134,96,226,23,Green
221,259,215,350,24,Green
188,226,182,318,27,Green
107,139,101,230,23,Green
210,245,203,333,24,Green
182,217,176,308,23,Green
118,152,112,247,24,Green
213,247,206,337,26,Green
187,221,180,310,24,Green
125,160,119,254,22,Green
250,295,244,393,25,Green
302,371,299,503,37,Green
223,316,225,490,37,Green
473,556,476,712,37,Green
419,500,422,653,37,Green
239,319,239,478,25,Green
318,379,314,504,21,Green
237,280,232,388,23,Green
164,205,160,322,21,Green
255,299,251,415,21,Green
262,310,259,434,23,Green
203,257,202,394,22,Green
246,291,100,404,27,Green
178,204,172,293,29,Green
135,160,129,244,28,Green
97,122,91,203,31,Green
164,188,157,265,34,Green
129,148,122,220,37,Green
96,111,89,180,39,Green
136,152,129,219,37,Green
127,145,120,214,33,Green
95,115,89,187,32,Green
152,173,145,245,36,Green
130,149,123,218,33,Green
97,116,91,187,33,Green
151,172,144,242,32,Green
141,163,135,236,32,Green
100,120,94,191,35,Green
146,165,139,235,33,Green
145,169,139,242,31,Green
103,124,97,196,34,Green
150,171,144,242,34,Green
143,165,137,236,30,Green
109,131,103,203,32,Green
157,180,151,251,31,Green
155,180,149,254,29,Green
120,146,115,223,29,Green
178,207,172,284,27,Green
176,206,170,285,31,Green
127,154,122,233,25,Green
183,214,177,294,26,Green
181,212,175,293,27,Green
134,162,128,241,29,Green
167,120,90,271,31,Green
170,197,164,276,26,Green
143,172,137,258,25,Green
99,132,95,227,23,Green
239,283,234,384,23,Green
202,251,199,363,22,Green
104,150,102,266,21,Green
230,272,226,373,26,Green
156,187,152,279,27,Green
95,120,91,206,31,Green
157,180,151,258,35,Green
127,146,121,217,40,Green
94,110,88,178,41,Green
130,146,123,211,38,Green
123,140,116,206,37,Green
97,116,91,184,35,Green
143,164,137,232,40,Green
124,141,118,206,44,Green
96,109,89,172,43,Green
120,134,114,196,42,Green
116,130,110,192,40,Green
98,112,91,174,37,Green
127,143,121,208,36,Green
132,151,127,220,36,Green
103,120,98,189,39,Green
120,134,115,202,43,Green
114,126,109,194,44,Green
99,112,94,180,46,Green
117,130,112,198,42,Green
119,133,114,200,41,Green
107,122,101,191,38,Green
87,104,82,220,36,Green
140,159,134,229,32,Green
123,145,118,217,38,Green
89,107,83,177,38,Green
137,155,131,224,35,Green
123,142,117,213,36,Green
91,110,85,182,33,Green
151,173,145,247,33,Green
137,161,131,238,30,Green
96,120,91,204,29,Green
168,194,163,283,26,Green
158,187,154,285,25,Green
110,141,108,250,27,Green
189,222,187,330,28,Green
160,189,157,290,27,Green
107,131,104,225,28,Green
158,182,155,273,31,Green
148,172,144,261,27,Green
115,148,112,246,22,Green
215,258,212,361,22,Green
218,265,216,373,23,Green
127,162,125,266,23,Green
189,225,187,323,27,Green
181,216,178,312,27,Green
126,157,123,250,25,Green
178,211,175,300,27,Green
167,199,164,288,27,Green
122,151,120,243,29,Green
153,181,85,266,24,Green
167,199,163,283,24,Green
146,185,143,277,23,Green
95,133,91,228,25,Green
179,212,174,293,29,Green
137,164,131,244,27,Green
94,117,88,195,31,Green
146,166,140,239,42,Green
128,143,120,216,40,Green
104,117,96,193,38,Green
149,163,140,241,37,Green
138,151,130,231,38,Green
114,127,105,210,35,Green
160,175,151,258,33,Green
154,172,146,259,31,Green
122,140,113,230,30,Green
172,192,164,280,32,Green
156,173,147,258,36,Green
124,140,115,225,35,Green
164,181,155,265,36,Green
154,170,145,253,37,Green
125,139,115,221,34,Green
158,174,149,256,34,Green
156,172,147,255,33,Green
133,152,124,239,30,Green
180,202,171,293,25,Green
196,225,188,326,22,Green
162,195,155,306,22,Green
235,272,227,385,22,Green
255,301,248,420,23,Green
176,217,170,331,22,Green
220,147,106,366,23,Green
213,252,207,355,37,Green
128,140,120,220,48,Green
107,109,97,184,54,Green
119,122,109,195,49,Green
112,117,103,189,50,Green
101,105,92,177,47,Green
117,122,108,193,45,Green
109,116,101,185,45,Green
94,101,87,170,47,Green
113,120,105,188,52,Green
103,110,96,174,51,Green
91,97,83,159,54,Green
104,111,96,170,58,Green
98,105,91,161,57,Green
90,96,82,152,54,Green
101,107,93,163,59,Green
98,104,91,160,58,Green
92,97,84,153,62,Green
100,105,92,160,65,Green
97,102,89,157,66,Green
91,96,83,150,65,Green
98,103,90,158,71,Green
97,101,89,156,69,Green
92,96,84,152,69,Green
98,102,89,157,69,Green
97,101,89,156,69,Green
93,97,85,152,73,Green
97,101,89,156,75,Green
97,101,89,155,78,Green
93,97,85,152,75,Green
91,94,83,157,72,Green
98,102,90,157,68,Green
93,98,85,152,57,Green
85,91,78,144,60,Green
96,103,89,155,51,Green
90,98,84,151,43,Green
77,88,72,143,42,Green
102,114,97,172,43,Green
95,109,91,168,45,Green
77,89,72,148,45,Green
101,112,95,168,45,Green
95,103,88,158,47,Green
87,95,80,151,42,Green
111,119,103,177,43,Green
111,119,103,180,42,Green
102,111,93,176,42,Green
127,136,118,202,42,Green
128,139,119,208,42,Green
110,121,101,190,44,Green
129,140,120,206,44,Green
115,124,107,185,46,Green
98,106,90,164,50,Green
108,116,100,172,50,Green
104,111,96,166,50,Green
93,100,85,155,50,Green
101,109,94,163,43,Green
102,111,95,166,38,Green
91,101,84,157,43,Green
102,112,95,167,43,Green
104,113,97,168,47,Green
94,102,87,156,52,Green
88,95,80,150,56,Green
103,109,95,164,55,Green
96,102,88,156,61,Green
87,93,79,147,60,Green
99,105,92,159,64,Green
94,99,86,152,66,Green
87,92,79,145,67,Green
96,101,88,154,60,Green
94,99,86,152,68,Green
88,92,80,146,69,Green
98,103,90,160,71,Green
147,203,143,375,84,Green
148,201,141,375,93,Green
152,194,144,352,80,Green
169,217,159,392,73,Green
178,235,164,435,67,Green
180,240,166,443,56,Green
177,245,165,467,52,Green
183,264,172,522,49,Green
197,286,189,550,51,Green
191,273,186,533,51,Green
165,234,162,455,50,Green
159,213,156,393,50,Green
139,174,135,313,49,Green
122,151,117,270,46,Green
137,168,131,289,54,Green
143,177,137,311,53,Green
144,178,136,315,50,Green
161,199,139,345,50,Green
170,214,162,374,49,Green
171,221,162,399,53,Green
165,222,156,411,56,Green
177,236,168,427,59,Green
172,235,165,448,61,Green
165,228,159,453,61,Green
179,243,173,478,59,Green
204,283,201,586,54,Green
239,343,237,739,47,Green
273,396,273,829,43,Green
273,413,275,853,41,Green
257,406,259,844,45,Green
279,433,282,860,45,Green
271,433,273,854,40,Green
259,433,262,868,37,Green
307,489,310,936,33,Green
301,479,304,924,36,Green
288,473,288,942,45,Green
322,508,320,988,42,Green
325,506,319,992,45,Green
311,479,302,953,41,Green
325,491,317,955,42,Green
313,474,305,925,42,Green
275,425,269,836,44,Green
270,408,265,785,41,Green
279,415,279,824,45,Green
270,406,275,836,44,Green
285,426,290,862,42,Green
301,468,303,943,41,Green
316,511,314,1042,41,Green
362,551,331,1170,35,Green
389,606,395,1234,34,Green
421,659,429,1413,31,Green
359,602,369,1282,29,Green
383,621,393,1215,25,Green
321,537,332,1034,30,Green
305,536,311,1087,33,Green
381,635,388,1226,40,Green
392,656,388,1309,43,Green
340,570,333,1152,42,Green
354,569,345,1117,42,Green
325,517,313,1021,42,Green
285,457,273,912,48,Green
291,452,278,888,51,Green
285,448,272,888,41,Green
291,480,283,966,44,Green
321,521,319,1022,40,Green
316,515,316,1014,38,Green
283,478,285,953,41,Green
319,516,320,992,46,Green
309,496,304,969,48,Green
276,428,262,845,53,Green
275,406,258,788,50,Green
274,403,257,785,48,Green
258,388,243,760,50,Green
253,373,240,723,49,Green
259,382,250,763,47,Green
264,404,260,828,41,Green
289,453,286,898,39,Green
327,520,327,1030,33,Green
291,472,295,944,32,Green
233,389,236,861,27,Green
300,468,305,874,27,Green
300,496,307,965,30,Green
291,510,299,1034,27,Green
362,594,368,1151,28,Green
382,649,388,1285,36,Green
397,696,398,1422,35,Green
423,701,422,1381,38,Green
304,489,302,955,39,Green
180,281,180,545,40,Green
172,234,170,405,34,Green
148,196,145,329,32,Green
159,256,166,497,31,Green
250,393,265,726,26,Green
303,499,320,952,26,Green
237,408,251,811,30,Green
286,457,298,864,34,Green
274,443,280,853,42,Green
365,619,360,1260,43,Green
380,630,377,1261,33,Green
176,250,177,435,22,Green
125,171,122,276,20,Green
201,249,198,348,21,Green
241,306,238,426,18,Green
177,252,177,391,21,Green
281,352,279,478,20,Green
281,357,279,490,30,Green
238,339,242,514,32,Green
404,508,409,685,20,Green
259,326,256,445,21,Green
142,183,138,275,27,Green
88,112,82,261,36,Green
129,148,123,213,33,Green
113,133,107,199,32,Green
88,111,83,183,28,Green
146,171,140,242,27,Green
129,156,124,230,28,Green
89,112,84,183,33,Green
141,162,134,231,36,Green
118,135,112,199,44,Green
90,102,83,161,46,Green
115,127,108,186,45,Green
109,121,102,180,39,Green
96,109,88,172,41,Green
115,153,160,287,27,Blue
179,221,225,355,27,Blue
162,199,205,329,30,Blue
118,153,160,280,26,Blue
181,225,230,361,23,Blue
189,241,247,392,23,Blue
136,189,197,348,23,Blue
242,302,307,467,23,Blue
254,324,329,507,25,Blue
183,259,267,461,21,Blue
272,342,346,526,23,Blue
279,355,360,552,24,Blue
200,281,290,495,27,Blue
338,425,433,644,28,Blue
368,460,470,693,25,Blue
242,327,337,554,28,Blue
127,225,237,706,39,Blue
531,656,674,958,22,Blue
398,544,564,900,34,Blue
142,284,299,627,25,Blue
585,736,758,1102,26,Blue
428,587,609,970,38,Blue
140,267,282,583,33,Blue
460,573,589,857,36,Blue
356,474,490,764,37,Blue
145,267,283,567,37,Blue
508,640,660,957,37,Blue
427,563,583,894,41,Blue
186,337,356,694,25,Blue
585,766,792,1191,24,Blue
489,691,717,1154,27,Blue
212,368,386,734,39,Blue
522,656,675,974,39,Blue
471,620,640,965,23,Blue
249,459,485,928,24,Blue
566,738,765,1139,28,Blue
370,481,495,747,26,Blue
177,270,281,503,24,Blue
319,412,420,635,31,Blue
381,494,508,758,32,Blue
223,338,353,608,40,Blue
463,582,600,860,37,Blue
518,648,668,946,32,Blue
314,432,448,711,38,Blue
494,598,613,846,37,Blue
483,581,594,818,26,Blue
222,296,303,490,23,Blue
100,168,175,543,27,Blue
368,450,458,656,32,Blue
299,392,403,624,31,Blue
111,213,222,468,33,Blue
553,672,686,955,30,Blue
289,375,383,598,22,Blue
105,179,183,386,24,Blue
301,381,382,585,23,Blue
218,290,295,472,24,Blue
101,172,181,356,22,Blue
300,379,386,567,26,Blue
259,339,348,533,22,Blue
108,167,175,328,20,Blue
261,330,334,497,23,Blue
230,300,306,472,23,Blue
121,187,195,358,23,Blue
237,300,304,456,24,Blue
213,276,281,435,25,Blue
148,229,239,429,23,Blue
316,399,407,594,20,Blue
239,309,314,479,19,Blue
135,194,201,353,21,Blue
241,305,308,463,18,Blue
245,316,320,489,23,Blue
163,237,244,423,21,Blue
239,305,306,468,25,Blue
242,310,313,478,23,Blue
179,257,265,448,29,Blue
385,476,488,688,33,Blue
441,538,553,760,23,Blue
177,239,246,398,26,Blue
88,136,143,406,26,Blue
197,246,250,378,22,Blue
165,220,226,367,21,Blue
92,151,160,310,24,Blue
243,306,310,461,20,Blue
188,253,259,416,24,Blue
100,178,189,375,24,Blue
322,405,414,601,23,Blue
257,346,356,557,39,Blue
128,262,278,567,27,Blue
565,712,733,1039,24,Blue
447,601,624,953,31,Blue
160,290,306,591,36,Blue
521,643,663,927,35,Blue
403,515,532,788,37,Blue
197,323,339,625,34,Blue
437,540,554,795,27,Blue
308,392,400,608,26,Blue
170,253,263,474,24,Blue
353,443,452,665,27,Blue
361,464,478,710,33,Blue
221,343,360,630,33,Blue
543,689,709,1015,37,Blue
475,619,640,942,38,Blue
245,374,393,672,28,Blue
363,474,488,728,26,Blue
298,393,403,612,24,Blue
193,285,296,504,28,Blue
332,429,440,651,24,Blue
274,356,363,545,20,Blue
181,257,266,442,22,Blue
93,156,166,492,21,Blue
224,285,289,436,21,Blue
166,225,231,377,22,Blue
91,154,163,319,21,Blue
247,317,321,481,22,Blue
208,285,293,469,25,Blue
98,182,194,390,23,Blue
298,379,387,569,24,Blue
204,276,282,448,22,Blue
97,166,176,341,23,Blue
273,348,354,524,22,Blue
235,310,317,489,23,Blue
104,163,172,321,21,Blue
243,312,317,475,26,Blue
265,357,367,569,23,Blue
135,228,241,450,23,Blue
284,373,381,576,21,Blue
241,326,334,524,22,Blue
139,223,234,428,32,Blue
409,526,544,794,25,Blue
509,704,731,1136,22,Blue
264,424,445,788,32,Blue
429,540,556,806,22,Blue
308,392,398,611,24,Blue
203,286,292,515,21,Blue
301,377,379,587,21,Blue
283,358,360,564,21,Blue
195,275,283,487,21,Blue
313,402,411,620,21,Blue
257,333,340,521,21,Blue
157,216,223,376,24,Blue
93,145,154,400,24,Blue
184,237,242,378,25,Blue
149,204,211,350,22,Blue
90,144,153,293,22,Blue
217,279,284,433,24,Blue
151,200,205,332,29,Blue
85,125,132,246,26,Blue
172,218,222,343,21,Blue
167,223,229,368,22,Blue
92,151,160,308,22,Blue
224,289,294,445,23,Blue
187,248,254,402,21,Blue
100,153,161,298,26,Blue
179,227,232,357,23,Blue
148,190,195,310,26,Blue
99,140,147,262,28,Blue
162,204,208,322,28,Blue
149,191,196,310,27,Blue
109,155,162,285,25,Blue
176,225,229,356,24,Blue
180,235,240,378,23,Blue
124,177,185,324,23,Blue
198,254,259,401,21,Blue
203,265,271,425,22,Blue
143,202,210,363,20,Blue
215,274,279,433,22,Blue
223,283,287,447,21,Blue
169,228,233,400,20,Blue
274,344,347,532,29,Blue
383,482,492,734,27,Blue
256,345,354,583,20,Blue
114,183,192,546,24,Blue
256,327,331,509,21,Blue
192,266,274,454,20,Blue
103,175,186,365,22,Blue
219,283,288,445,25,Blue
146,191,197,323,30,Blue
90,127,134,246,30,Blue
159,199,204,318,25,Blue
147,194,200,326,25,Blue
94,148,157,296,22,Blue
232,297,302,455,21,Blue
204,272,278,437,19,Blue
109,175,185,347,20,Blue
279,357,364,538,27,Blue
296,390,402,611,21,Blue
126,201,211,387,22,Blue
243,314,319,482,23,Blue
222,297,303,473,23,Blue
148,235,246,445,23,Blue
284,367,374,559,22,Blue
254,331,338,514,24,Blue
130,187,194,338,24,Blue
198,251,256,390,23,Blue
193,248,253,391,23,Blue
131,183,190,325,24,Blue
203,258,263,402,23,Blue
249,326,332,508,21,Blue
161,230,238,403,19,Blue
222,287,168,448,20,Blue
224,292,297,459,21,Blue
165,232,240,405,20,Blue
104,174,184,361,23,Blue
314,411,422,641,29,Blue
272,375,389,629,20,Blue
119,178,185,365,23,Blue
246,304,305,482,22,Blue
208,271,275,457,22,Blue
112,173,182,354,22,Blue
209,265,270,424,30,Blue
145,184,190,312,29,Blue
96,133,140,254,27,Blue
159,199,205,322,24,Blue
153,201,207,336,23,Blue
103,154,163,300,24,Blue
203,263,268,415,19,Blue
186,245,251,397,21,Blue
112,169,177,322,20,Blue
206,265,271,417,21,Blue
218,291,297,464,25,Blue
125,187,196,349,24,Blue
186,240,245,380,23,Blue
169,220,226,358,22,Blue
129,191,199,351,20,Blue
235,306,312,475,23,Blue
236,310,316,486,22,Blue
150,215,223,382,24,Blue
207,265,270,415,25,Blue
174,222,227,355,20,Blue
167,234,242,405,21,Blue
239,305,166,468,20,Blue
215,276,281,430,22,Blue
163,224,231,384,22,Blue
98,152,161,308,23,Blue
193,246,251,393,23,Blue
164,219,226,375,22,Blue
109,160,168,319,21,Blue
218,270,274,428,24,Blue
185,233,237,390,24,Blue
126,166,172,324,29,Blue
211,250,252,399,28,Blue
172,207,211,347,29,Blue
113,145,151,273,33,Blue
160,193,198,313,30,Blue
141,176,181,295,28,Blue
101,140,147,265,26,Blue
177,225,230,361,25,Blue
174,229,236,378,22,Blue
121,186,195,357,21,Blue
268,348,355,537,20,Blue
209,276,282,441,22,Blue
118,171,179,318,23,Blue
182,233,238,370,24,Blue
180,234,240,378,24,Blue
122,173,180,313,24,Blue
181,230,235,364,25,Blue
175,225,229,360,24,Blue
128,179,185,322,24,Blue
204,259,262,406,22,Blue
184,233,235,372,23,Blue
140,189,194,333,21,Blue
195,244,142,383,26,Blue
197,248,251,388,20,Blue
188,261,268,443,22,Blue
96,163,173,342,19,Blue
254,323,327,490,22,Blue
195,264,271,438,20,Blue
95,153,162,315,26,Blue
182,231,236,369,25,Blue
149,196,202,333,25,Blue
97,147,155,296,20,Blue
203,260,266,415,18,Blue
193,258,264,430,21,Blue
121,190,200,382,20,Blue
261,325,329,506,22,Blue
219,265,267,438,22,Blue
157,202,204,388,22,Blue
264,317,316,500,20,Blue
223,278,280,453,23,Blue
132,184,188,349,23,Blue
221,277,279,438,20,Blue
208,270,274,437,21,Blue
136,202,208,380,22,Blue
227,290,292,455,22,Blue
187,238,241,385,23,Blue
144,208,214,379,20,Blue
279,351,355,530,22,Blue
230,290,291,447,24,Blue
139,187,191,333,22,Blue
245,307,309,468,22,Blue
248,314,316,480,24,Blue
144,189,191,332,27,Blue
175,127,128,345,29,Blue
165,202,202,325,27,Blue
125,161,164,277,31,Blue
84,114,119,220,34,Blue
133,160,164,259,37,Blue
112,139,143,236,33,Blue
83,111,116,212,34,Blue
137,166,170,267,31,Blue
122,152,156,255,35,Blue
83,115,120,223,29,Blue
151,186,189,296,25,Blue
147,192,197,320,22,Blue
94,146,153,293,22,Blue
229,292,296,447,21,Blue
174,227,231,368,25,Blue
92,134,139,259,23,Blue
167,210,212,332,27,Blue
169,218,222,351,25,Blue
102,146,152,274,28,Blue
171,215,219,336,27,Blue
158,201,205,322,22,Blue
109,154,160,283,21,Blue
212,267,270,407,21,Blue
213,274,279,426,24,Blue
124,173,178,312,26,Blue
171,216,219,343,29,Blue
160,202,206,326,26,Blue
122,164,170,293,26,Blue
170,214,218,343,26,Blue
166,208,212,334,27,Blue
128,162,167,283,30,Blue
161,130,135,313,36,Blue
151,175,178,285,36,Blue
129,149,153,257,38,Blue
108,128,132,237,42,Blue
145,163,166,268,44,Blue
128,143,147,244,44,Blue
111,127,130,229,40,Blue
142,159,163,263,41,Blue
135,154,158,260,39,Blue
113,134,139,247,36,Blue
158,183,187,299,35,Blue
146,171,176,288,35,Blue
118,141,146,259,36,Blue
162,186,190,304,35,Blue
155,180,183,303,29,Blue
124,154,157,286,29,Blue
177,212,213,346,26,Blue
157,195,197,328,31,Blue
109,140,143,264,30,Blue
150,182,183,301,25,Blue
160,205,206,346,23,Blue
120,171,175,324,28,Blue
163,207,209,340,29,Blue
163,206,208,339,26,Blue
118,157,161,286,30,Blue
153,187,189,303,33,Blue
143,174,177,286,32,Blue
113,146,150,261,28,Blue
158,195,198,314,33,Blue
144,177,180,288,36,Blue
109,137,141,241,38,Blue
133,110,114,263,33,Blue
133,161,164,262,31,Blue
112,139,142,240,37,Blue
83,109,112,209,35,Blue
133,162,164,262,33,Blue
114,142,146,243,34,Blue
82,107,111,207,34,Blue
128,154,157,252,36,Blue
111,136,139,233,36,Blue
80,105,109,202,36,Blue
124,149,152,245,38,Blue
107,130,133,222,39,Blue
80,102,105,192,41,Blue
114,136,139,225,42,Blue
105,128,131,216,38,Blue
84,108,113,200,40,Blue
115,138,142,226,44,Blue
104,123,127,206,43,Blue
87,105,110,188,44,Blue
109,129,133,211,42,Blue
107,127,131,210,43,Blue
90,108,112,189,43,Blue
106,124,128,204,43,Blue
104,121,126,202,39,Blue
92,109,114,192,43,Blue
109,127,131,210,46,Blue
112,132,137,220,42,Blue
99,121,126,213,41,Blue
120,142,146,234,39,Blue
119,140,143,234,38,Blue
105,125,127,222,42,Blue
124,107,109,241,39,Blue
124,145,147,240,42,Blue
104,124,127,215,45,Blue
86,103,108,190,43,Blue
110,128,132,212,41,Blue
100,117,122,200,44,Blue
87,102,107,183,50,Blue
104,120,124,199,48,Blue
99,114,118,192,49,Blue
88,102,107,181,53,Blue
103,117,121,194,56,Blue
97,110,114,186,59,Blue
88,100,104,176,60,Blue
98,110,114,185,63,Blue
93,105,108,179,60,Blue
86,97,100,171,65,Blue
94,105,108,179,63,Blue
92,104,106,178,59,Blue
88,101,104,177,53,Blue
101,114,118,192,50,Blue
102,116,120,196,48,Blue
95,110,114,193,43,Blue
112,127,131,211,39,Blue
114,130,134,218,43,Blue
107,121,125,212,41,Blue
124,138,141,229,41,Blue
125,138,142,231,41,Blue
116,130,134,224,40,Blue
132,146,150,242,41,Blue
132,146,150,242,41,Blue
121,134,138,228,41,Blue
131,122,127,239,45,Blue
131,148,153,245,42,Blue
120,141,146,242,35,Blue
106,130,136,241,35,Blue
155,182,187,297,36,Blue
144,164,169,279,42,Blue
125,137,140,249,44,Blue
147,157,159,262,43,Blue
122,133,135,226,46,Blue
98,113,118,202,41,Blue
117,135,139,224,44,Blue
110,129,135,219,44,Blue
91,109,114,194,43,Blue
110,128,132,211,46,Blue
100,115,120,195,47,Blue
84,99,103,176,49,Blue
98,112,116,188,51,Blue
97,112,116,189,55,Blue
89,101,106,176,61,Blue
100,112,116,188,64,Blue
106,115,119,195,62,Blue
101,109,113,190,69,Blue
108,116,120,196,73,Blue
108,115,119,195,70,Blue
100,108,112,186,68,Blue
102,111,115,187,73,Blue
99,109,113,185,71,Blue
100,118,125,218,71,Blue
133,198,214,412,71,Blue
139,198,214,411,75,Blue
136,193,209,402,69,Blue
143,207,224,431,66,Blue
149,224,245,477,69,Blue
145,217,237,466,73,Blue
139,206,224,446,76,Blue
140,200,216,422,73,Blue
143,213,232,460,74,Blue
157,257,284,582,67,Blue
167,274,301,610,71,Blue
161,267,293,598,74,Blue
153,254,279,576,72,Blue
164,270,296,609,68,Blue
167,281,308,644,67,Blue
160,274,300,636,62,Blue
171,288,316,658,58,Blue
174,302,332,696,56,Blue
171,306,337,715,53,Blue
184,322,353,737,56,Blue
184,325,357,748,53,Blue
181,332,367,779,50,Blue
196,349,384,800,49,Blue
197,347,380,802,49,Blue
194,350,384,825,47,Blue
210,369,402,849,43,Blue
212,378,414,874,46,Blue
203,380,421,893,44,Blue
218,404,449,931,44,Blue
217,407,455,939,47,Blue
200,378,423,880,54,Blue
200,365,407,834,54,Blue
192,348,389,796,52,Blue
187,347,388,803,54,Blue
197,360,387,825,50,Blue
205,369,408,851,49,Blue
219,394,431,927,44,Blue
224,415,456,994,46,Blue
244,442,487,1030,50,Blue
230,417,462,975,47,Blue
225,420,467,994,46,Blue
245,443,491,1024,46,Blue
237,434,480,1006,46,Blue
221,415,461,975,47,Blue
239,435,482,998,45,Blue
235,442,491,1023,44,Blue
226,447,500,1062,40,Blue
254,485,538,1122,45,Blue
266,516,572,1211,38,Blue
273,545,602,1321,37,Blue
326,622,684,1452,31,Blue
338,657,725,1534,32,Blue
320,606,661,1461,42,Blue
362,594,630,1391,43,Blue
358,535,559,1256,42,Blue
334,510,536,1219,42,Blue
352,547,577,1278,45,Blue
330,539,575,1262,43,Blue
287,502,545,1192,41,Blue
298,518,563,1203,43,Blue
298,530,578,1235,39,Blue
284,518,567,1230,40,Blue
301,528,573,1225,38,Blue
310,531,569,1237,39,Blue
296,520,558,1235,42,Blue
310,537,576,1247,40,Blue
306,537,575,1253,42,Blue
279,505,544,1203,38,Blue
251,466,504,1184,39,Blue
257,460,499,1074,40,Blue
243,457,502,1085,46,Blue
235,466,516,1132,43,Blue
255,482,533,1121,39,Blue
254,493,545,1165,38,Blue
248,494,544,1213,37,Blue
291,541,593,1263,34,Blue
277,543,602,1285,39,Blue
251,522,582,1277,43,Blue
279,530,580,1254,42,Blue
257,479,520,1142,45,Blue
231,439,477,1058,43,Blue
244,451,491,1059,42,Blue
229,431,470,1010,42,Blue
207,396,434,944,41,Blue
221,402,437,928,41,Blue
214,378,406,875,42,Blue
206,377,408,896,41,Blue
226,406,439,944,44,Blue
231,422,459,989,47,Blue
231,437,479,1041,48,Blue
251,470,516,1102,46,Blue
257,483,532,1133,50,Blue
248,455,498,1073,50,Blue
263,458,498,1062,55,Blue
290,450,480,1024,52,Blue
300,418,439,948,58,Blue
311,413,430,926,61,Blue
299,397,413,885,61,Blue
279,391,412,884,59,Blue
261,390,416,898,54,Blue
263,403,433,913,54,Blue
249,402,435,922,49,Blue
239,408,445,956,43,Blue
259,434,470,995,48,Blue
266,434,461,1012,46,Blue
258,419,439,997,46,Blue
275,444,466,1029,46,Blue
260,439,466,1027,49,Blue
230,410,442,976,49,Blue
240,425,461,988,51,Blue
222,421,467,985,52,Blue
205,409,459,970,52,Blue
216,415,463,962,51,Blue
205,394,439,913,48,Blue
184,355,394,828,47,Blue
196,360,398,817,48,Blue
192,351,387,796,48,Blue
186,347,384,801,50,Blue
202,365,403,828,56,Blue
211,377,417,859,52,Blue
216,388,429,893,55,Blue
227,388,426,873,57,Blue
218,367,402,822,52,Blue
204,361,399,825,52,Blue
208,363,400,820,51,Blue
198,345,380,781,51,Blue
189,346,383,795,48,Blue
199,364,404,825,50,Blue
194,357,397,811,50,Blue
187,352,392,811,47,Blue
184,357,399,843,42,Blue
208,387,428,876,40,Blue
207,397,442,917,40,Blue
205,416,465,990,40,Blue
248,464,512,1049,37,Blue
250,486,540,1127,43,Blue
240,474,529,1127,46,Blue
253,455,502,1043,57,Blue
236,399,437,910,54,Blue
217,366,401,838,57,Blue
218,364,399,815,50,Blue
203,352,388,795,50,Blue
195,344,377,799,49,Blue
217,364,391,830,47,Blue
219,365,388,844,45,Blue
215,380,408,904,40,Blue
241,418,448,968,41,Blue
225,403,439,938,44,Blue
211,401,442,959,37,Blue
260,475,520,1080,29,Blue
278,522,575,1183,27,Blue
231,464,514,1087,28,Blue
276,501,546,1100,30,Blue
258,472,514,1047,30,Blue
223,438,482,1023,33,Blue
262,491,538,1105,36,Blue
274,531,585,1211,30,Blue
278,586,653,1391,29,Blue
329,655,725,1498,28,Blue
320,638,708,1465,35,Blue
280,588,658,1395,49,Blue
249,527,595,1347,46,Blue
256,507,568,1188,52,Blue
231,453,509,1066,56,Blue
209,407,457,959,59,Blue
217,411,460,951,60,Blue
213,408,457,952,56,Blue
211,411,461,975,60,Blue
226,421,467,981,58,Blue
232,424,466,996,58,Blue
226,422,466,1001,54,Blue
244,451,498,1050,50,Blue
251,483,538,1132,44,Blue
247,496,557,1180,45,Blue
266,506,563,1166,41,Blue
253,466,516,1070,47,Blue
233,428,473,993,43,Blue
242,418,458,932,42,Blue
219,374,409,830,45,Blue
196,339,372,763,54,Blue
201,327,357,716,56,Blue
180,278,300,597,56,Blue
136,184,196,375,53,Blue
133,168,178,324,56,Blue
126,165,175,322,56,Blue
122,173,187,357,57,Blue
139,209,227,439,58,Blue
186,318,348,719,61,Blue
198,341,372,790,60,Blue
212,375,411,865,61,Blue
243,449,494,1055,61,Blue
243,470,521,1121,58,Blue
283,530,588,1226,43,Blue
279,564,629,1333,42,Blue
244,492,550,1155,44,Blue
211,425,476,1010,44,Blue
237,443,491,1015,42,Blue
208,364,401,828,42,Blue
170,285,311,644,45,Blue
175,260,280,546,46,Blue
151,215,230,444,49,Blue
134,196,211,415,52,Blue
152,220,237,457,53,Blue
146,219,237,463,55,Blue
133,207,225,448,58,Blue
144,221,239,469,60,Blue
147,238,259,521,61,Blue
148,250,273,567,53,Blue
163,274,298,612,52,Blue
162,278,304,624,48,Blue
106,156,168,326,45,Blue
104,127,133,225,49,Blue
99,115,119,194,55,Blue
91,103,107,179,54,Blue
102,114,118,190,54,Blue
105,116,121,194,58,Blue
100,110,114,188,61,Blue
109,118,121,197,63,Blue
109,118,122,199,63,Blue
103,112,116,193,64,Blue
107,116,120,196,68,Blue
103,114,118,191,66,Blue
95,106,110,182,62,Blue
86,97,102,183,60,Blue
94,106,109,178,62,Blue
85,97,100,167,56,Blue
80,93,97,165,44,Blue
103,120,124,198,40,Blue
109,137,142,234,34,Blue
86,116,122,221,39,Blue
124,150,154,244,44,Blue
106,126,131,214,43,Blue
89,106,111,189,49,Blue
108,123,127,204,49,Blue
101,115,120,195,53,Blue
89,103,108,182,48,Blue
104,119,124,198,39,Blue
102,121,126,204,40,Blue
87,109,115,198,42,Blue
114,136,140,221,41,Blue
104,123,127,205,44,Blue
87,105,110,187,43,Blue
116,123,82,237,40,y
122,125,93,222,38,y
140,148,106,266,29,y
144,158,101,304,33,y
174,186,136,318,32,y
181,196,140,339,27,y
181,206,126,407,21,y
361,406,284,684,21,y
273,330,280,646,20,y
199,260,232,580,20,y
281,351,319,697,22,y
231,285,260,569,26,y
149,182,166,392,33,y
175,204,187,396,29,y
178,207,184,400,28,y
171,193,139,380,29,y
225,243,93,409,26,y
222,238,175,397,25,y
181,194,135,347,28,y
132,143,89,290,29,y
217,232,172,382,27,y
182,196,138,345,30,y
123,133,83,267,37,y
162,170,128,284,38,y
125,129,96,229,41,y
97,100,71,196,44,y
129,133,107,229,44,y
101,104,90,191,46,y
76,79,68,156,45,y
94,97,83,169,47,y
87,89,72,156,46,y
69,69,51,130,41,y
93,95,73,160,40,y
114,122,87,211,34,y
85,94,59,185,37,y
123,132,96,222,29,y
171,189,131,326,23,y
180,207,123,408,20,y
306,337,243,546,22,y
220,244,182,419,23,y
158,181,134,353,26,y
216,235,183,387,27,y
207,221,165,360,31,y
148,158,108,292,34,y
179,188,144,315,30,y
183,198,153,344,36,y
123,127,95,226,79,y
78,76,65,135,161,y
52,47,45,82,56,y
53,47,47,80,25,y
52,50,26,69,50,y
65,60,59,103,213,y
139,134,129,257,247,y
151,144,142,285,312,y
100,94,93,184,235,y
42,39,38,74,78,y
39,36,35,62,52,y
58,53,52,87,37,y
75,68,68,112,31,y
83,78,77,131,32,y
168,164,163,224,26,y
96,90,90,152,28,y
70,64,63,111,30,y
92,86,85,134,29,y
119,116,114,169,24,y
48,46,44,79,73,y
52,48,48,88,76,y
53,48,48,85,35,y
63,58,54,96,36,y
89,85,78,125,33,y
82,78,71,119,32,y
59,57,52,93,44,y
51,48,45,80,57,y
57,55,52,102,44,y
55,52,51,92,60,y
72,69,67,111,84,y
95,93,89,172,347,y
163,165,158,349,564,y
181,177,174,353,409,y
108,99,96,180,198,y
85,78,69,144,84,y
94,91,72,169,65,y
96,94,81,171,273,y
56,54,52,99,69,y
62,62,56,117,43,y
84,87,79,154,45,y
76,80,71,149,41,y
80,91,77,190,35,y
106,125,104,256,54,y
87,101,85,209,32,y
67,70,63,127,87,y
45,44,40,78,41,y
61,62,57,102,69,y
25,25,23,46,31,y
22,23,21,40,29,y
24,25,23,43,32,y
25,24,23,44,34,y
26,23,21,47,51,y
26,25,24,45,47,y
27,26,25,45,162,y
39,39,37,70,-1,y
54,58,53,112,24,y
124,131,123,214,31,y
69,74,68,152,32,y
172,181,172,261,32,y
107,114,107,195,29,y
59,67,61,143,23,y
110,121,113,204,21,y
92,103,95,191,7,y
79,89,80,187,9,y
169,181,169,267,16,y
98,103,97,151,22,y
33,35,32,62,31,y
49,53,49,82,51,y
34,41,36,79,55,y
26,30,27,61,28,y
91,97,92,124,44,y
69,75,70,106,68,y
26,32,28,70,39,y
87,94,88,126,30,y
90,94,89,123,42,y
39,43,39,76,50,y
41,46,42,78,26,y
64,69,65,95,34,y
37,41,38,68,34,y
46,49,46,76,50,y
41,44,41,69,65,y
26,29,26,57,21,y
45,49,21,74,24,y
50,53,51,75,45,y
26,29,26,53,13,y
30,33,30,67,24,y
72,77,73,124,34,y
46,51,48,95,79,y
47,73,66,158,76,y
79,114,101,255,42,y
87,128,113,289,43,y
85,126,111,295,30,y
115,164,146,343,58,y
152,200,182,383,31,y
111,164,146,364,37,y
250,310,287,504,45,y
132,187,168,377,43,y
100,159,140,370,42,y
116,177,157,389,32,y
108,164,146,363,52,y
107,163,144,365,48,y
181,236,216,433,44,y
120,161,146,317,56,y
58,64,61,128,56,y
76,81,76,159,41,y
94,104,96,206,33,y
99,115,105,239,35,y
121,138,128,267,38,y
127,144,133,278,37,y
115,127,117,253,72,y
113,115,109,219,180,y
113,110,104,210,-1,y
142,140,135,270,-1,y
166,166,161,325,-1,y
202,205,198,416,1018,y
222,225,215,473,792,y
242,242,232,515,685,y
266,266,255,559,676,y
278,279,268,582,739,y
265,265,255,551,880,y
233,233,224,486,1153,y
201,203,194,418,8191,y
161,161,155,316,-1,y
129,126,120,240,8191,y
93,90,85,169,8191,y
78,75,71,142,8191,y
71,67,63,126,8191,y
68,64,60,121,-1,y
69,65,62,122,8191,y
73,69,65,129,-1,y
74,71,68,134,-1,y
74,72,68,135,-1,y
74,72,68,137,8191,y
74,72,68,137,-1,y
74,72,68,138,8191,y
73,71,67,137,-1,y
73,71,67,136,-1,y
72,71,67,136,-1,y
73,71,67,135,-1,y
72,71,67,135,-1,y
73,71,67,136,-1,y
73,71,67,136,-1,y
73,71,67,136,-1,y
72,70,66,135,-1,y
72,70,66,134,-1,y
72,70,66,134,-1,y
72,70,66,133,1060,y
71,69,66,130,-1,y
65,62,59,116,-1,y
61,58,55,108,-1,y
59,55,52,103,1159,y
57,53,50,99,959,y
54,51,48,95,741,y
53,50,47,94,612,y
54,52,49,97,529,y
58,56,53,105,478,y
59,57,54,106,426,y
64,61,58,114,417,y
73,70,67,131,401,y
74,69,67,130,400,y
75,70,68,133,403,y
71,67,64,125,410,y
69,66,63,123,407,y
66,63,60,120,425,y
61,58,55,109,448,y
63,60,57,114,467,y
66,63,60,121,476,y
67,64,61,123,490,y
67,64,60,122,509,y
60,56,53,109,569,y
52,49,46,94,362,y
39,36,34,67,58,y
35,33,32,58,44,y
33,32,31,56,73,y
28,27,26,49,79,y
30,28,27,51,59,y
32,30,30,54,70,y
35,33,32,58,82,y
50,49,48,92,195,y
61,61,58,122,-1,y
65,64,60,128,39,y
121,135,123,256,23,y
163,187,114,375,22,y
277,303,221,489,24,y
226,246,176,410,20,y
235,277,157,552,23,y
370,418,292,695,32,y
166,181,129,306,36,y
103,114,74,214,33,y
145,158,117,254,41,y
116,123,92,206,45,y
86,90,69,168,44,y
112,120,104,209,43,y
106,114,105,207,46,y
89,94,84,183,44,y
103,107,94,191,50,y
94,93,76,165,60,y
84,82,66,152,70,y
85,83,58,150,73,y
77,75,63,134,76,y
69,68,60,126,80,y
70,69,63,130,68,y
99,96,91,179,64,y
114,110,105,211,47,y
107,112,102,228,47,y
132,134,118,250,53,y
128,126,104,236,67,y
120,116,95,222,66,y
131,129,110,240,50,y
127,132,121,258,42,y
121,132,124,280,45,y
152,165,155,316,37,y
166,180,158,347,40,y
148,153,113,302,41,y
178,180,140,324,45,y
166,165,132,304,44,y
139,141,118,277,41,y
149,155,139,293,44,y
134,144,134,282,46,y
130,144,130,299,40,y
171,182,152,333,43,y
147,149,115,269,45,y
127,127,99,242,42,y
144,150,130,277,41,y
149,164,152,318,42,y
126,138,125,281,38,y
135,141,122,261,41,y
122,124,101,226,49,y
107,106,82,198,62,y
110,107,85,193,63,y
109,107,87,194,52,y
112,115,98,223,42,y
139,147,127,270,43,y
138,141,110,254,43,y
116,116,92,218,52,y
116,101,78,207,50,y
119,118,96,212,52,y
108,109,92,205,57,y
102,101,85,197,57,y
115,114,97,210,57,y
123,122,103,230,58,y
117,116,96,225,56,y
135,133,111,247,56,y
131,129,108,243,58,y
119,118,101,233,57,y
129,129,113,244,57,y
121,122,105,231,55,y
115,115,98,226,57,y
128,127,109,237,59,y
115,115,97,214,52,y
105,108,96,213,46,y
110,115,107,217,46,y
113,122,117,236,47,y
96,101,97,204,50,y
109,113,109,212,53,y
121,120,117,226,58,y
127,121,116,230,60,y
123,124,117,237,41,y
145,150,135,288,58,y
105,103,87,196,82,y
84,82,70,152,65,y
74,74,66,137,70,y
66,65,57,121,93,y
62,61,54,112,105,y
64,62,55,115,110,y
63,62,53,115,116,y
64,63,54,116,101,y
65,63,55,116,95,y
65,63,55,117,96,y
67,65,57,120,75,y
75,73,65,136,59,y
98,100,89,194,42,y
104,110,97,238,57,y
106,107,96,197,81,y
94,90,79,168,80,y
100,95,78,177,63,y
120,115,93,207,60,y
117,111,89,204,64,y
115,110,88,210,50,y
141,141,118,259,44,y
148,153,135,294,47,y
126,129,115,260,55,y
137,138,124,261,63,y
128,126,109,238,67,y
120,116,94,219,59,y
145,140,112,253,51,y
138,134,105,244,44,y
118,117,86,225,41,y
151,155,114,278,34,y
184,190,139,344,46,y
146,143,109,270,47,y
154,151,120,270,44,y
156,154,129,284,43,y
153,161,156,328,42,y
170,175,173,340,60,y
172,169,168,327,71,y
202,188,190,361,76,y
216,201,202,379,92,y
175,162,161,304,117,y
132,122,117,233,102,y
116,110,102,210,84,y
111,107,93,201,81,y
101,95,79,177,84,y
99,94,77,171,81,y
92,87,71,158,78,y
92,87,70,160,69,y
106,101,77,182,66,y
121,116,93,209,76,y
114,107,86,198,89,y
112,105,86,196,80,y
114,109,92,202,68,y
85,86,77,163,79,y
75,73,65,138,95,y
94,88,79,159,76,y
93,91,78,169,50,y
105,107,88,209,44,y
132,135,109,242,45,y
126,127,100,233,46,y
103,104,82,203,54,y
107,107,92,189,35,y
136,129,115,231,28,y
153,157,127,322,19,y
311,335,280,579,16,y
337,367,299,660,19,y
262,289,226,597,21,y
433,460,385,793,21,y
393,414,344,733,22,y
270,282,236,566,19,y
394,411,367,682,21,y
270,281,243,493,28,y
161,160,136,306,35,y
166,164,144,281,37,y
138,135,119,234,50,y
113,110,95,211,50,y
161,147,137,265,46,y
145,146,134,267,45,y
119,129,111,250,42,y
147,155,130,277,41,y
159,163,142,290,40,y
142,145,128,268,51,y
142,144,126,255,51,y
141,143,127,253,46,y
125,130,112,237,50,y
116,121,98,252,44,y
138,144,118,257,45,y
128,133,108,244,45,y
112,118,91,233,47,y
126,134,119,247,58,y
99,102,96,192,66,y
58,61,57,122,77,y
130,135,129,271,87,y
127,129,123,261,91,y
82,81,78,158,104,y
82,80,77,149,138,y
114,108,105,201,152,y
161,148,145,274,126,y
165,150,148,271,86,y
196,175,173,316,58,y
180,161,157,300,38,y
193,179,172,324,35,y
242,239,223,429,24,y
251,259,235,526,27,y
340,353,323,644,31,y
288,291,270,543,27,y
260,268,244,545,28,y
431,463,421,830,33,y
616,671,614,1139,44,y
382,421,375,821,39,y
605,646,600,1061,26,y
477,499,461,845,31,y
271,266,247,531,40,y
271,263,249,493,31,y
315,317,296,570,26,y
387,421,378,810,33,y
645,705,646,1198,23,y
781,885,795,1603,28,y
560,703,584,1555,27,y
811,953,539,1832,28,y
750,914,778,1933,23,y
663,762,672,1482,35,y
366,434,368,988,28,y
429,464,420,888,25,y
351,371,339,736,29,y
260,262,243,542,39,y
253,246,234,460,42,y
224,217,206,414,29,y
253,267,241,565,24,y
873,1102,949,2228,24,y
983,1272,1062,2683,32,y
1028,1418,1035,3478,48,y
337,404,337,796,65,y
193,178,173,330,39,y
244,237,225,468,39,y
257,247,236,465,33,y
333,372,325,793,30,y
610,847,635,1988,50,y
200,215,195,400,158,y
74,68,64,121,135,y
81,77,67,141,75,y
122,112,96,201,40,y
150,146,114,258,41,y
139,139,100,262,38,y
180,183,137,318,24,y
248,264,187,461,22,y
241,272,169,524,23,y
383,423,300,702,22,y
294,322,227,542,26,y
201,219,143,413,24,y
301,319,234,536,23,y
330,356,256,600,21,y
242,263,177,483,31,y
233,244,181,418,34,y
197,203,155,346,39,y
141,144,108,260,46,y
116,115,89,258,44,y
129,126,104,223,50,y
96,95,76,173,57,y
71,70,54,132,62,y
82,81,64,142,63,y
89,86,68,156,63,y
84,81,63,153,63,y
92,90,71,159,65,y
84,82,65,148,58,y
83,81,63,152,50,y
108,107,85,187,46,y
109,106,83,191,59,y
102,96,77,180,63,y
123,117,96,208,51,y
123,118,96,213,55,y
108,102,83,188,91,y
86,81,68,148,112,y
76,71,61,131,75,y
115,107,89,195,50,y
139,132,108,234,42,y
176,170,137,303,42,y
180,169,140,314,50,y
176,168,138,302,44,y
169,165,130,295,44,y
160,159,118,298,40,y
182,183,140,323,44,y
164,163,125,290,39,y
166,169,121,319,26,y
224,234,171,408,43,y
166,165,127,291,41,y
147,144,108,266,34,y
204,208,156,363,23,y
297,320,225,562,20,y
273,298,196,561,25,y
194,209,130,499,24,y
303,328,228,582,32,y
857,1048,587,2077,23,y
186,198,126,402,81,y
110,104,84,191,118,y
104,98,84,184,33,y
121,131,113,266,31,y
216,232,212,386,35,y
205,231,211,436,33,y
272,379,325,911,32,y
722,844,791,1458,24,y
708,912,808,1836,50,y
545,826,682,2047,24,y
904,1147,1029,2240,37,y
514,619,566,1131,38,y
204,260,224,597,25,y
307,371,335,693,24,y
259,309,278,570,27,y
133,159,141,318,28,y
222,249,227,435,25,y
189,205,186,372,26,y
144,164,147,347,20,y
205,235,213,441,61,y
92,100,92,195,329,y
86,87,82,167,391,y
100,98,94,183,581,y
130,126,123,238,-1,y
161,157,153,305,-1,y
177,177,172,353,-1,y
193,197,189,402,-1,y
203,205,197,423,1159,y
208,209,201,430,-1,y
190,193,185,393,-1,y
171,173,167,343,-1,y
154,154,149,300,8191,y
127,123,118,235,-1,y
105,101,96,190,-1,y
90,87,83,164,-1,y
81,78,74,147,8191,y
73,69,65,129,8191,y
68,63,60,119,-1,y
64,60,57,114,8191,y
61,58,54,109,-1,y
59,56,52,105,-1,y
58,55,52,104,-1,y
58,55,52,103,-1,y
58,55,52,103,-1,y
57,54,51,101,-1,y
57,54,51,100,-1,y
56,52,49,97,202,y
57,53,50,98,-1,y
59,56,53,104,1259,y
60,56,53,105,-1,y
59,56,53,104,151,y
57,53,50,99,145,y
59,55,52,102,1278,y
60,56,53,105,-1,y
60,57,54,106,-1,y
60,57,54,106,128,y
54,50,47,93,-1,y
58,54,52,101,-1,y
61,57,54,107,1265,y
67,64,61,121,1124,y
71,70,66,132,1155,y
72,70,67,134,8191,y
72,70,66,134,-1,y
71,70,66,131,1148,y
71,70,66,132,1217,y
70,69,65,130,-1,y
70,68,65,129,1131,y
70,69,65,129,1118,y
71,69,66,131,-1,y
66,64,61,120,-1,y
70,68,65,129,1123,y
72,70,67,132,1083,y
69,66,63,124,-1,y
70,68,66,129,1096,y
72,70,67,132,1073,y
70,68,65,127,-1,y
68,64,61,120,-1,y
64,61,57,114,8191,y
65,70,64,139,-1,y
66,74,67,151,-1,y
58,63,58,126,-1,y
63,70,64,140,389,y
75,83,75,171,340,y
91,95,89,196,354,y
99,101,95,197,649,y
116,116,112,221,716,y
122,122,118,237,770,y
123,122,119,239,772,y
143,142,138,284,-1,y
161,161,156,326,-1,y
164,164,158,330,-1,y
164,164,158,329,-1,y
174,174,169,350,-1,y
177,177,172,353,-1,y
169,169,164,335,-1,y
167,167,162,333,-1,y
177,177,172,350,-1,y
180,180,175,354,-1,y
164,162,158,316,-1,y
164,161,156,313,-1,y
138,131,127,251,8191,y
96,92,87,173,8191,y
66,68,63,132,-1,y
