Red,Green,Blue,Distance_mm,Label
1168,1756,1464,80,Red
1172,1886,1540,83,Red
1121,2082,1651,98,Red
961,1901,1672,102,Red
1019,1716,1422,79,Red
1024,1726,1725,80,Red
909,1839,1585,75,Red
777,1510,1272,63,Red
873,1548,1484,63,Red
721,1382,1216,48,Red
712,1451,1207,48,Red
671,1334,1223,42,Red
703,1762,1241,43,Red
721,1778,1296,51,Red
781,2034,1354,56,Red
772,1823,1422,60,Red
804,1845,1433,62,Red
799,1626,1438,63,Red
815,1765,1484,65,Red
784,1733,1478,64,Red
832,1781,1509,69,Red
874,1825,1561,73,Red
898,1853,1425,72,Red
895,1685,1408,69,Red
1149,1758,1456,64,Red
1147,1952,1572,74,Red
1083,2136,1845,83,Red
1283,2317,2244,83,Red
1195,2027,1841,86,Red
1396,1973,1890,87,Red
1282,1880,1645,85,Red
1071,1736,1398,82,Red
850,1716,1949,82,Red
1086,1825,1988,88,Red
1024,1847,1935,90,Red
1022,1871,2140,92,Red
1038,1955,2145,98,Red
1175,2086,2111,100,Red
1193,2029,1887,97,Red
1015,1845,1890,96,Red
996,1779,1795,93,Red
950,1621,1524,70,Red
794,1260,1077,42,Red
647,1563,1222,32,Red
672,1654,1220,31,Red
639,1156,1050,41,Red
636,1511,1308,31,Red
648,1573,1289,33,Red
658,1699,1350,30,Red
663,1710,1319,28,Red
676,1635,1164,34,Red
584,1463,1092,39,Red
580,1403,1132,36,Red
616,1525,1193,36,Red
619,1406,1350,29,Red
668,1653,1398,26,Red
670,1656,1427,32,Red
690,1672,1315,31,Red
625,1198,1052,39,Red
639,1319,1137,39,Red
645,1572,1197,35,Red
660,1500,1076,34,Red
672,1218,954,39,Red
705,1196,1099,48,Red
645,1496,1007,45,Red
647,1294,1177,50,Red
695,1586,1240,52,Red
706,1698,1272,53,Red
708,1682,1289,56,Red
703,1228,1455,56,Red
723,1271,1327,54,Red
747,1327,1506,61,Red
750,1321,1496,61,Red
794,1389,1429,69,Red
802,1385,1591,65,Red
785,1399,1273,69,Red
843,1440,1318,70,Red
852,1462,1346,69,Red
817,1358,1282,64,Red
857,1427,1313,65,Red
832,1336,1199,54,Red
762,1182,1054,47,Red
766,1177,1082,46,Red
793,1334,1264,56,Red
921,1593,1477,72,Red
935,1573,1504,73,Red
970,1596,1495,75,Red
1007,1609,1479,75,Red
1031,1624,1479,73,Red
1000,1665,1471,75,Red
1012,1802,1905,82,Red
957,1812,1810,89,Red
907,1602,1757,73,Red
873,1529,1625,71,Red
876,1479,1592,61,Red
814,1414,1618,69,Red
947,1626,1669,72,Red
942,1580,1588,54,Red
746,1408,1467,54,Red
657,1128,1407,42,Red
597,1074,1127,42,Red
632,1084,1469,40,Red
730,1101,956,42,Red
680,1156,1110,47,Red
779,1259,1153,51,Red
805,1277,1138,50,Red
790,1439,1328,52,Red
794,1574,1177,52,Red
768,1382,1077,46,Red
727,1327,1061,45,Red
711,1320,1055,46,Red
727,1347,1067,49,Red
677,1370,1284,52,Red
701,1373,1263,52,Red
690,1527,1166,49,Red
677,1329,1186,45,Red
684,1728,1249,52,Red
695,1219,1420,53,Red
696,1338,1661,50,Red
705,1245,1472,51,Red
708,1223,1436,51,Red
678,1172,1381,49,Red
772,1381,1480,71,Red
900,1627,1696,81,Red
903,1650,1661,84,Red
897,1655,1863,81,Red
1130,1783,1712,77,Red
882,1528,1656,77,Red
879,1559,1674,78,Red
892,1562,1711,73,Red
800,1456,1663,77,Red
957,2137,1694,80,Red
969,1960,1716,83,Red
976,1924,1635,84,Red
914,2049,1749,85,Red
919,1983,1792,86,Red
973,1939,1686,80,Red
1052,1735,1505,81,Red
957,1771,1541,89,Red
968,1804,1553,89,Red
983,1878,1539,95,Red
969,1699,1560,91,Red
981,1766,1562,95,Red
975,1686,1527,89,Red
976,1656,1570,83,Red
1060,1724,1557,80,Red
1015,1737,1572,84,Red
981,1678,1386,74,Red
947,1629,1451,79,Red
918,1599,1517,78,Red
1092,1990,1814,78,Red
1768,2863,2032,83,Red
1024,1678,1564,83,Red
1014,1823,1759,97,Red
1104,1935,1826,96,Red
1109,1853,1712,93,Red
1174,1992,1744,100,Red
1057,1931,1733,98,Red
1022,1829,1687,99,Red
1042,1927,1759,105,Red
1050,1932,1747,106,Red
1018,1877,1997,110,Red
1016,1776,2006,83,Red
795,1226,1218,54,Red
980,1401,1119,54,Red
774,1488,1441,71,Red
825,1437,1307,46,Red
737,1206,1751,76,Red
1017,1965,1699,112,Red
1002,1888,1886,120,Red
1132,2027,2009,120,Red
1128,2153,2198,119,Red
1165,2040,2050,91,Red
1181,2196,2056,94,Red
1142,2275,1887,109,Red
1056,2078,1910,121,Red
1029,2060,1791,111,Red
916,1850,1429,82,Red
723,1459,1137,51,Red
988,2352,1595,62,Red
1065,2046,1515,70,Red
824,1719,1339,57,Red
779,1790,1474,56,Red
819,1866,1663,46,Red
822,1683,1546,41,Red
841,1845,1510,39,Red
771,1661,1401,42,Red
811,1765,1548,47,Red
821,1575,1363,53,Red
513,1119,899,44,Red
471,1499,1459,51,Red
621,1176,1169,53,Red
758,1512,1591,66,Red
813,1371,1365,54,Red
819,1432,1425,68,Red
793,1496,1428,72,Red
835,1497,1445,66,Red
784,1578,1663,80,Red
849,1570,1868,74,Red
833,1575,1842,69,Red
857,1620,2059,75,Red
1050,1754,1677,78,Red
995,2221,1752,96,Red
1057,1997,1779,106,Red
1056,2145,1925,92,Red
1053,2241,1727,85,Red
993,2220,2036,86,Red
1103,2145,1796,83,Red
1031,2106,1935,89,Red
1055,2022,1721,85,Red
1209,2080,1830,99,Red
1164,2242,1979,106,Red
1176,2275,1995,108,Red
1052,2013,2011,98,Red
1299,2343,2236,102,Red
1395,2315,2261,99,Red
1286,2139,2061,101,Red
1129,2091,2151,100,Red
1121,2061,2212,89,Red
1268,2266,2549,81,Red
1332,2483,2124,90,Red
1181,2253,1986,101,Red
1064,2259,1983,84,Red
1103,2017,1719,89,Red
1050,1728,1374,72,Red
945,1749,1560,80,Red
1070,2047,1780,87,Red
1420,2471,1944,89,Red
1103,2031,1799,80,Red
1125,1871,1412,73,Red
791,1258,1571,55,Red
1324,1711,1335,64,Red
947,1679,1567,88,Red
951,1614,1461,93,Red
902,1613,1510,89,Red
1022,2001,1484,87,Red
1103,2109,1905,99,Red
1082,2088,2151,105,Red
1244,2333,2574,108,Red
1412,2718,1932,114,Red
982,1949,1725,104,Red
923,1875,1621,84,Red
906,1846,1595,80,Red
887,1876,1550,73,Red
896,1876,1691,85,Red
942,1978,1809,97,Red
1027,2128,1815,111,Red
1225,2156,1910,109,Red
1361,2197,1948,96,Red
1331,2235,1757,88,Red
1039,1939,1614,78,Red
1031,1934,1599,79,Red
974,1789,1488,75,Red
922,1710,1397,67,Red
841,1589,1246,55,Red
843,1551,1307,63,Red
848,1603,1390,73,Red
971,1769,1481,80,Red
919,1724,1492,85,Red
1048,2055,1789,105,Red
1047,1966,1728,103,Red
1080,2120,2034,107,Red
1175,1970,1805,102,Red
1077,1907,1760,95,Red
1105,1975,1840,106,Red
1072,1976,1898,120,Red
1163,2124,2109,138,Red
1214,2216,2197,148,Red
1113,2437,2449,103,Red
1092,1776,1976,86,Red
1123,2011,2002,83,Red
940,1656,1629,73,Red
803,1467,1542,69,Red
888,1850,1984,123,Red
1044,2243,2353,150,Red
1117,1948,2143,82,Red
1082,2126,2175,94,Red
932,1606,1563,83,Red
857,1569,1607,73,Red
987,1859,1951,112,Red
1274,2301,2020,102,Red
1189,2302,2290,104,Red
1274,2353,2169,100,Red
1071,1918,1896,101,Red
1000,2121,2125,150,Red
1140,2345,2047,130,Red
1146,2209,2071,104,Red
1272,2474,2294,103,Red
1640,2647,2118,106,Red
1208,2262,1822,93,Red
1116,1725,1583,86,Red
1014,1702,1463,71,Red
936,1798,1533,76,Red
1016,1875,1530,86,Red
1018,1950,1628,81,Red
1068,1886,1822,96,Red
1042,1887,1786,101,Red
1031,1762,1841,87,Red
978,1677,1584,83,Red
979,1678,1601,79,Red
994,1715,1742,77,Red
1026,1554,1378,70,Red
898,1534,1365,60,Red
908,1555,1446,69,Red
929,1603,1454,77,Red
894,1560,1461,75,Red
927,1647,1575,85,Red
1017,1936,2058,118,Red
1444,2560,2654,194,Red
1523,2551,2419,168,Red
1379,2442,2281,168,Red
1407,2694,2385,165,Red
1476,2733,2376,156,Red
1315,2392,2055,141,Red
1125,2100,1883,130,Red
1134,2140,1895,122,Red
1188,2094,1872,122,Red
1116,2034,1831,120,Red
1083,2002,1839,119,Red
1168,2279,2112,110,Red
1101,2202,2273,116,Red
1157,2160,2377,130,Red
1279,2374,2571,138,Red
1539,2551,2570,134,Red
1517,2665,2419,128,Red
1564,2788,2536,131,Red
1851,3158,2800,132,Red
1595,2521,2272,123,Red
1240,1996,1794,117,Red
1094,1896,1739,103,Red
1111,1891,1733,92,Red
1105,2000,1807,99,Red
1115,1949,1802,109,Red
1070,1980,1898,111,Red
1220,2065,1992,115,Red
1103,2050,1983,124,Red
1164,2283,2196,151,Red
1092,2203,1887,145,Red
1021,2177,1869,126,Red
1067,2135,1902,132,Red
1085,2188,2125,142,Red
1149,2396,2207,149,Red
1263,2717,2510,143,Red
1658,3121,2838,144,Red
1569,2740,2675,149,Red
1473,2638,2617,146,Red
1543,3169,3028,134,Red
1519,2626,2370,127,Red
1253,1969,1814,115,Red
1129,1949,1771,93,Red
1268,2345,2185,90,Red
1068,1982,2129,96,Red
1166,2164,2139,97,Red
1302,2454,2138,111,Red
1092,2460,2104,124,Red
1156,2501,2327,132,Red
1225,2630,2238,139,Red
1140,2251,2061,142,Red
1121,2164,2056,145,Red
1216,2336,2247,135,Red
1340,2312,2243,126,Red
1407,2304,2371,115,Red
1420,2238,2098,108,Red
1179,1947,1921,99,Red
993,1725,1776,88,Red
975,1682,1780,80,Red
977,1729,1774,83,Red
936,1694,1742,88,Red
927,1745,1674,97,Red
954,2012,1849,109,Red
1004,1932,2039,119,Red
1044,2187,2036,132,Red
1103,2120,1918,132,Red
1089,2084,1940,133,Red
1179,2196,2062,141,Red
1328,2530,2217,142,Red
1333,2681,2413,133,Red
1181,2201,1822,103,Red
1130,1866,1480,68,Red
980,1465,1142,43,Red
758,1405,1179,40,Red
678,1373,1098,40,Red
660,1477,1296,40,Red
702,1562,1547,54,Red
725,1617,1395,48,Red
706,1662,1525,59,Red
859,1873,1559,71,Red
905,1799,1689,79,Red
1132,1718,1510,75,Red
1096,1735,1559,70,Red
1040,1934,1559,65,Red
1076,1697,1437,67,Red
1088,1934,1531,79,Red
1038,2059,1576,74,Red
938,1826,1568,82,Red
1093,1892,1638,84,Red
1030,1950,1647,79,Red
1030,2131,1686,81,Red
1027,1932,1646,92,Red
973,1937,1748,83,Red
1155,1970,1576,77,Red
964,1579,1519,75,Red
981,1653,1472,73,Red
933,1570,1424,67,Red
896,1445,1369,64,Red
882,1440,1253,65,Red
911,1734,1502,52,Red
828,1468,1338,59,Red
724,1208,1162,48,Red
795,1348,1299,51,Red
805,1240,1157,44,Red
760,1181,1047,41,Red
745,1396,1136,47,Red
856,1548,1271,60,Red
803,1546,1247,55,Red
864,1781,1625,76,Red
1063,1958,1614,89,Red
1012,1826,1671,99,Red
1051,1860,1730,108,Red
1076,1908,1794,114,Red
1054,1900,1770,119,Red
1019,1962,2210,106,Red
1180,1950,1935,113,Red
1284,2082,1989,131,Red
1541,2549,2165,131,Red
1234,2065,2138,113,Red
1084,1948,1917,106,Red
1132,1992,1894,102,Red
1013,2239,1748,95,Red
1020,2052,1769,90,Red
1006,1970,1712,81,Red
948,2095,1638,86,Red
925,1952,1649,81,Red
989,1749,1485,68,Red
1029,1732,1502,74,Red
1055,1836,1517,75,Red
1006,2190,1584,84,Red
1101,2021,2002,110,Red
1421,1957,1990,106,Red
1136,2695,1915,115,Red
1048,1980,1987,107,Red
1181,1824,1963,94,Red
975,2260,1751,88,Red
993,2171,1874,97,Red
1080,2057,2032,99,Red
1034,2143,1677,93,Red
1141,2115,1882,98,Red
1110,2048,1812,95,Red
963,2066,1757,73,Red
899,1847,1480,67,Red
801,1687,1400,53,Red
664,1636,1178,40,Red
624,1523,1171,41,Red
650,1438,1149,40,Red
623,1786,1204,38,Red
605,1340,1346,42,Red
592,1424,1276,38,Red
607,1194,1284,39,Red
643,1354,1221,44,Red
813,1267,1337,52,Red
715,1422,1304,50,Red
708,1563,1269,59,Red
878,1227,2508,69,Red
957,1400,1289,52,Red
980,1527,1251,66,Red
1109,1558,1219,62,Red
1151,1808,1155,54,Red
886,2052,1386,69,Red
834,1567,1899,80,Red
871,1473,1510,69,Red
938,1493,1313,66,Red
1155,1689,1186,59,Red
1077,2025,1279,58,Red
898,2590,1940,97,Red
961,1799,2167,97,Red
918,1574,1701,76,Red
988,1542,1569,81,Red
1178,1637,1417,79,Red
1134,1924,1484,78,Red
1307,2172,1595,90,Red
1185,2300,1778,91,Red
866,1847,1935,87,Red
846,1429,1782,71,Red
875,1507,1385,70,Red
1118,1451,1386,76,Red
1204,1778,1338,67,Red
1113,2211,1488,82,Red
1052,2037,1810,90,Red
919,2114,2031,86,Red
900,1882,2122,94,Red
942,1572,2083,77,Red
978,1629,1800,83,Red
1153,1549,1483,83,Red
1223,1561,1327,68,Red
1127,1842,1242,62,Red
988,2071,1678,68,Red
939,1886,2041,79,Red
827,1774,2145,81,Red
790,1458,2012,79,Red
812,1407,1683,72,Red
1003,1361,1454,66,Red
1144,1724,1569,68,Red
1100,1982,1337,58,Red
997,2266,1571,67,Red
899,2089,1886,79,Red
794,2137,2020,79,Red
826,1683,1906,77,Red
810,1662,1897,75,Red
943,2021,1656,76,Red
1210,2011,1575,79,Red
1199,2135,1468,68,Red
1190,2246,1495,69,Red
1124,2342,1595,76,Red
884,2429,1756,89,Red
1032,1826,2057,88,Red
888,1711,1660,76,Red
964,1724,1461,74,Red
1003,1913,1628,75,Red
1019,1856,1637,75,Red
942,1978,1685,78,Red
944,2000,1980,87,Red
952,1937,1602,79,Red
1040,1787,1474,71,Red
1114,2175,1451,65,Red
854,2371,1905,82,Red
862,1893,2137,86,Red
791,1767,1602,73,Red
983,1551,1354,65,Red
1068,1558,1285,65,Red
1104,1732,1271,62,Red
984,1760,1715,8190,tooFar
984,1766,1716,418,tooFar
984,1760,1722,8190,tooFar
984,1761,1722,8190,tooFar
990,1761,1717,8190,tooFar
984,1762,1723,8190,tooFar
991,1761,1723,8190,tooFar
985,1762,1723,8190,tooFar
985,1762,1724,8190,tooFar
985,1762,1723,8190,tooFar
985,1769,1718,8190,tooFar
986,1764,1719,8190,tooFar
992,1765,1721,8190,tooFar
990,1782,1762,8190,tooFar
1103,1951,1895,407,tooFar
1124,2000,1898,8190,tooFar
1051,1847,1794,8190,tooFar
1077,2005,2060,442,tooFar
1196,2082,2137,390,tooFar
1055,1827,1780,8190,tooFar
1134,2178,2188,383,tooFar
1239,2011,1874,8190,tooFar
1095,2041,2124,347,tooFar
1161,1989,1837,8190,tooFar
1258,2489,2482,258,tooFar
1482,2544,2180,298,tooFar
1415,2359,2477,522,tooFar
1575,2754,2723,414,tooFar
1742,3191,3192,252,tooFar
1935,3184,2940,220,tooFar
1528,2534,2398,458,tooFar
1515,2865,2969,297,tooFar
2096,3335,2911,269,tooFar
1435,2367,2259,485,tooFar
1433,2722,2899,297,tooFar
1897,2989,2668,287,tooFar
1371,2342,2283,492,tooFar
1450,2736,2732,281,tooFar
1395,2000,1820,8190,tooFar
1046,1853,1804,8190,tooFar
1047,1868,1823,8191,tooFar
1045,1842,1773,8190,tooFar
1012,1796,1737,8190,tooFar
997,1784,1730,8190,tooFar
993,1772,1743,8190,tooFar
1005,1786,1728,8190,tooFar
991,1765,1725,8190,tooFar
994,1775,1735,8190,tooFar
1006,1792,1737,8190,tooFar
1006,1802,1795,8190,tooFar
1025,1865,1810,305,tooFar
1124,2221,2129,394,tooFar
1195,2192,2105,401,tooFar
1160,2072,2009,393,tooFar
1141,2045,1980,383,tooFar
1144,2055,1976,396,tooFar
1152,2098,2033,436,tooFar
1172,2082,1944,480,tooFar
1165,2184,2148,424,tooFar
1221,2193,2098,431,tooFar
1189,2158,2048,376,tooFar
1186,2168,2077,354,tooFar
1184,2174,2092,354,tooFar
1189,2172,2088,352,tooFar
1196,2193,2124,345,tooFar
1252,2266,2043,253,tooFar
1089,2039,1965,311,tooFar
1160,2057,1983,442,tooFar
1218,2276,2078,302,tooFar
1090,2023,1956,398,tooFar
1111,2002,1980,424,tooFar
1224,2096,1895,297,tooFar
1081,1948,1898,8190,tooFar
1110,2009,2110,296,tooFar
1058,1806,1758,8190,tooFar
1009,1801,1751,8190,tooFar
999,1783,1765,8190,tooFar
1275,2533,2617,132,tooFar
1818,2009,2841,30,tooFar
2133,2832,2254,33,tooFar
1465,2397,1812,52,tooFar
1630,2211,1928,54,tooFar
1652,2053,2053,59,tooFar
1740,2154,2103,61,tooFar
1772,2190,2930,55,tooFar
1602,2165,2558,56,tooFar
1566,3025,2262,47,tooFar
1607,2751,1936,37,tooFar
2163,2375,1934,39,tooFar
1922,2591,2554,88,tooFar
1419,2539,2737,195,tooFar
1916,3489,4801,116,tooFar
6872,8597,6384,52,tooFar
5676,5822,6605,37,tooFar
5274,8298,7493,32,tooFar
4883,7841,5562,35,tooFar
5631,7901,5273,44,tooFar
5502,6001,6405,53,tooFar
6778,10483,9054,90,tooFar
5351,4995,3923,226,tooFar
1681,2512,2054,365,tooFar
1043,1813,1735,8190,tooFar
996,1788,1735,8190,tooFar
998,1793,1749,8190,tooFar
1019,1852,1802,8190,tooFar
1047,1874,1841,8190,tooFar
1094,1977,1912,8190,tooFar
1078,1908,1832,8190,tooFar
1045,1807,1727,8190,tooFar
1059,1967,2006,999,tooFar
1323,2329,2304,8190,tooFar
1460,2482,2368,543,tooFar
1503,2572,2540,417,tooFar
1625,2641,2506,324,tooFar
1637,2746,2608,285,tooFar
1779,2959,2785,250,tooFar
1971,3138,2888,231,tooFar
1864,2854,2630,256,tooFar
1638,2654,2584,325,tooFar
1604,2577,2405,419,tooFar
1441,2403,2309,481,tooFar
1469,2524,2439,543,tooFar
1530,2597,2459,650,tooFar
1477,2468,2346,837,tooFar
1436,2403,2242,923,tooFar
1296,2124,1984,8190,tooFar
1173,1995,1908,992,tooFar
1168,2035,1983,1151,tooFar
1221,2092,1995,1252,tooFar
1192,2035,1939,8190,tooFar
1145,1944,1853,8190,tooFar
1096,1892,1823,8190,tooFar
1099,1908,1845,8190,tooFar
1118,1941,1870,8190,tooFar
1113,1933,1865,8190,tooFar
1141,2004,1991,8190,tooFar
1323,2341,2326,921,tooFar
1477,2522,2446,736,tooFar
1603,2765,2692,538,tooFar
1765,3025,2862,373,tooFar
1756,2906,2751,279,tooFar
1942,3374,3409,207,tooFar
3163,4895,4731,195,tooFar
2628,3809,3346,221,tooFar
1983,3156,2860,247,tooFar
1734,2909,2741,289,tooFar
1710,2911,2788,332,tooFar
1813,2991,2774,434,tooFar
1680,2759,2608,591,tooFar
1605,2660,2483,674,tooFar
1417,2350,2206,890,tooFar
1293,2175,2073,1133,tooFar
1246,2158,2059,8190,tooFar
1184,2000,1889,8190,tooFar
1111,1923,1848,8190,tooFar
1124,1965,1917,8190,tooFar
1187,2084,2033,8190,tooFar
1227,2103,2025,1209,tooFar
1249,2164,2121,1033,tooFar
1382,2389,2345,757,tooFar
1520,2587,2447,686,tooFar
1478,2476,2340,766,tooFar
1334,2198,2049,995,tooFar
1210,2029,1931,8190,tooFar
1113,1865,1777,8190,tooFar
1057,1850,1799,8190,tooFar
1110,1958,1914,8190,tooFar
1206,2087,2010,1223,tooFar
1250,2143,2044,907,tooFar
1358,2226,2114,8190,tooFar
1242,2192,2130,8190,tooFar
1171,2081,702,8190,tooFar
257,440,396,8190,tooFar
255,437,392,8191,tooFar
260,440,404,8190,tooFar
260,441,399,8191,tooFar
260,447,399,8190,tooFar
254,447,405,8190,tooFar
255,448,400,8190,tooFar
261,448,406,8190,tooFar
261,448,406,8190,tooFar
260,442,400,8191,tooFar
255,442,406,8191,tooFar
256,449,402,8190,tooFar
256,444,408,8190,tooFar
262,444,407,8191,tooFar
262,451,409,8191,tooFar
263,453,404,8191,tooFar
258,447,411,8190,tooFar
264,454,411,8190,tooFar
263,446,409,8190,tooFar
262,450,408,8191,tooFar
262,450,402,8190,tooFar
261,449,401,8190,tooFar
261,449,400,8190,tooFar
261,449,400,8191,tooFar
261,449,400,8190,tooFar
261,449,400,8190,tooFar
256,444,407,8191,tooFar
262,449,407,8191,tooFar
256,443,407,8190,tooFar
261,449,401,8190,tooFar
262,449,401,8191,tooFar
261,448,400,8190,tooFar
261,443,406,8190,tooFar
261,442,406,8191,tooFar
261,448,406,8190,tooFar
261,448,400,8190,tooFar
261,443,407,8191,tooFar
261,443,407,8190,tooFar
261,449,407,8190,tooFar
261,448,405,8190,tooFar
261,447,399,8190,tooFar
254,447,405,8191,tooFar
260,447,405,8190,tooFar
260,441,405,8190,tooFar
260,441,405,8190,tooFar
260,440,405,8190,tooFar
260,441,405,8191,tooFar
260,440,404,8190,tooFar
260,440,405,8191,tooFar
260,447,405,8190,tooFar
260,442,406,8191,tooFar
261,449,406,8191,tooFar
261,448,405,8190,tooFar
260,441,404,8191,tooFar
260,447,404,8190,tooFar
253,446,398,8191,tooFar
259,440,405,8190,tooFar
260,446,404,8190,tooFar
254,440,404,8191,tooFar
260,446,405,8190,tooFar
253,446,398,8190,tooFar
259,440,404,8190,tooFar
259,446,398,8190,tooFar
259,440,404,8190,tooFar
260,446,404,8191,tooFar
254,446,399,8190,tooFar
259,440,405,8191,tooFar
260,446,404,8190,tooFar
253,446,398,8190,tooFar
260,440,404,8190,tooFar
260,446,405,8190,tooFar
260,447,399,8191,tooFar
253,446,398,8191,tooFar
260,440,399,8190,tooFar
260,440,405,8190,tooFar
260,441,399,8190,tooFar
261,449,401,8191,tooFar
261,445,402,8191,tooFar
262,452,409,8191,tooFar
264,453,405,8190,tooFar
265,448,406,8191,tooFar
265,449,406,8190,tooFar
265,450,407,8191,tooFar
260,456,407,8190,tooFar
266,456,407,8191,tooFar
266,456,413,8191,tooFar
266,450,412,8190,tooFar
265,455,412,8191,tooFar
265,454,411,8191,tooFar
265,453,405,8190,tooFar
258,447,411,8191,tooFar
264,447,411,8191,tooFar
264,454,411,8191,tooFar
264,454,411,8190,tooFar
264,453,405,8191,tooFar
264,453,404,8190,tooFar
257,452,409,8191,tooFar
262,451,409,8191,tooFar
263,451,408,8191,tooFar
263,450,408,8191,tooFar
264,567,488,198,tooFar
309,792,1847,208,tooFar
1179,1440,1148,483,tooFar
640,1085,976,531,tooFar
617,1046,959,423,tooFar
615,1041,923,521,tooFar
557,856,748,537,tooFar
527,1009,964,575,tooFar
557,972,1008,496,tooFar
506,702,486,153,tooFar
279,494,784,185,tooFar
612,534,899,151,tooFar
632,460,613,166,tooFar
744,489,1913,39,tooFar
1837,2688,1701,56,tooFar
1860,2922,2729,127,tooFar
1696,2807,2314,116,tooFar
545,1731,2840,100,tooFar
1554,1198,901,213,tooFar
1315,3355,2792,72,tooFar
757,1020,941,204,tooFar
1648,3100,2720,89,tooFar
780,1098,1093,189,tooFar
996,695,430,8191,tooFar
270,457,419,8190,tooFar
264,463,412,1050,tooFar
263,463,412,8190,tooFar
269,456,417,8190,tooFar
269,489,550,8191,tooFar
537,937,829,371,tooFar
481,814,727,369,tooFar
492,816,726,352,tooFar
485,815,724,370,tooFar
477,809,719,357,tooFar
490,820,668,375,tooFar
294,521,607,8190,tooFar
526,816,718,360,tooFar
463,778,687,372,tooFar
456,773,694,351,tooFar
463,783,696,381,tooFar
455,778,686,366,tooFar
461,780,693,368,tooFar
453,765,677,376,tooFar
453,761,676,377,tooFar
456,766,683,370,tooFar
456,776,690,360,tooFar
461,778,684,380,tooFar
452,773,682,359,tooFar
458,768,687,365,tooFar
464,779,693,350,tooFar
475,784,694,367,tooFar
459,780,700,362,tooFar
466,792,707,355,tooFar
472,788,701,338,tooFar
471,793,703,335,tooFar
465,777,688,354,tooFar
454,769,686,360,tooFar
456,768,689,345,tooFar
461,775,688,355,tooFar
460,770,689,355,tooFar
454,766,673,351,tooFar
444,756,671,357,tooFar
446,765,675,338,tooFar
450,764,677,354,tooFar
448,787,729,344,tooFar
493,630,495,8191,tooFar
265,455,411,8191,tooFar
264,445,407,472,tooFar
262,444,406,8190,tooFar
261,442,406,8190,tooFar
261,449,406,8191,tooFar
262,463,567,376,tooFar
485,766,673,421,tooFar
443,761,675,431,tooFar
448,762,682,415,tooFar
459,772,690,429,tooFar
461,776,694,449,tooFar
460,782,699,454,tooFar
463,787,707,434,tooFar
467,781,695,429,tooFar
464,777,691,418,tooFar
462,776,700,421,tooFar
466,783,696,424,tooFar
463,776,691,448,tooFar
455,770,681,435,tooFar
454,761,678,436,tooFar
438,735,650,442,tooFar
347,460,412,8190,tooFar
265,454,403,8191,tooFar
262,450,407,8190,tooFar
261,449,405,8191,tooFar
261,441,405,8191,tooFar
261,442,407,8190,tooFar
263,445,403,8191,tooFar
256,450,401,8190,tooFar
262,444,407,8191,tooFar
262,450,402,8190,tooFar
256,444,401,8191,tooFar
262,444,407,8190,tooFar
256,450,401,8191,tooFar
256,450,402,535,tooFar
262,444,408,8190,tooFar
263,451,408,8190,tooFar
263,445,403,8191,tooFar
258,452,403,8191,tooFar
263,445,408,8190,tooFar
264,456,413,8190,tooFar
269,460,418,8190,tooFar
280,526,525,372,tooFar
395,793,828,331,tooFar
592,986,899,320,tooFar
570,1022,1011,224,tooFar
815,1726,1953,167,tooFar
1455,2817,2518,148,tooFar
1729,3319,3190,125,tooFar
2139,3536,3233,104,tooFar
2134,3540,3222,132,tooFar
1785,3235,3039,167,tooFar
1848,3167,2822,183,tooFar
1436,2173,1619,220,tooFar
557,797,626,314,tooFar
335,543,480,420,tooFar
297,508,451,532,tooFar
285,500,452,8190,tooFar
291,496,448,483,tooFar
285,500,443,406,tooFar
281,487,437,368,tooFar
283,487,432,442,tooFar
283,487,436,415,tooFar
280,488,447,375,tooFar
289,496,441,408,tooFar
287,488,445,8190,tooFar
281,487,438,452,tooFar
287,488,440,418,tooFar
287,496,447,424,tooFar
283,493,450,403,tooFar
287,509,458,413,tooFar
297,515,467,383,tooFar
294,502,443,416,tooFar
282,496,447,421,tooFar
284,503,459,424,tooFar
307,557,534,366,tooFar
368,639,582,354,tooFar
365,619,539,369,tooFar
311,521,450,383,tooFar
288,487,442,468,tooFar
283,489,442,456,tooFar
287,489,447,411,tooFar
295,520,500,368,tooFar
360,663,625,342,tooFar
410,700,629,333,tooFar
380,620,528,379,tooFar
298,501,451,403,tooFar
287,494,444,423,tooFar
288,490,448,434,tooFar
291,505,462,410,tooFar
319,584,563,374,tooFar
402,726,697,318,tooFar
476,867,829,280,tooFar
525,909,820,278,tooFar
467,778,687,326,tooFar
390,632,519,414,tooFar
288,498,439,426,tooFar
276,485,434,512,tooFar
282,485,438,8190,tooFar
287,497,457,436,tooFar
348,678,673,346,tooFar
521,1026,1076,256,tooFar
771,1340,1237,239,tooFar
898,1635,1549,197,tooFar
1083,1900,1973,95,tooFar
1214,1884,1738,99,tooFar
832,1321,1217,123,tooFar
725,1267,1181,220,tooFar
709,1074,873,257,tooFar
412,647,520,363,tooFar
283,481,432,447,tooFar
279,477,430,387,tooFar
281,478,436,360,tooFar
281,477,430,434,tooFar
281,483,430,478,tooFar
281,483,430,8190,tooFar
281,478,431,429,tooFar
282,479,430,425,tooFar
273,470,425,8190,tooFar
270,461,413,8190,tooFar
263,449,401,8191,tooFar
256,443,407,8190,tooFar
262,450,407,8190,tooFar
262,450,401,8190,tooFar
262,444,407,8190,tooFar
262,443,407,8191,tooFar
262,450,401,8191,tooFar
256,443,407,8190,tooFar
262,449,401,8191,tooFar
255,443,407,8191,tooFar
262,449,401,8191,tooFar
256,443,406,8190,tooFar
261,443,407,8191,tooFar
262,449,407,8190,tooFar
261,449,400,8190,tooFar
256,451,409,1048,tooFar
266,460,411,8191,tooFar
271,463,422,8190,tooFar
275,484,450,422,tooFar
297,517,476,380,tooFar
311,541,509,408,tooFar
336,587,555,402,tooFar
365,643,590,381,tooFar
375,634,547,385,tooFar
309,512,454,403,tooFar
285,487,432,445,tooFar
282,482,436,8190,tooFar
284,503,465,440,tooFar
321,602,591,414,tooFar
408,753,748,419,tooFar
502,901,845,420,tooFar
477,796,693,425,tooFar
394,640,550,461,tooFar
312,508,439,447,tooFar
277,486,431,8190,tooFar
283,487,433,417,tooFar
283,489,441,381,tooFar
288,490,447,338,tooFar
286,481,437,8190,tooFar
279,471,427,342,tooFar
272,465,417,8191,tooFar
266,453,401,8191,tooFar
261,448,406,8191,tooFar
261,448,406,8191,tooFar
261,443,406,8191,tooFar
262,443,406,8191,tooFar
255,449,400,8191,tooFar
261,448,400,8190,tooFar
262,449,401,8190,tooFar
262,449,401,8190,tooFar
262,448,400,8191,tooFar
262,449,407,8190,tooFar
261,449,406,8190,tooFar
261,443,406,8191,tooFar
261,442,406,8190,tooFar
262,443,406,8191,tooFar
262,450,402,8190,tooFar
267,490,484,8190,tooFar
331,582,521,8190,tooFar
340,587,538,425,tooFar
356,602,541,430,tooFar
354,605,536,405,tooFar
350,609,545,410,tooFar
356,608,537,400,tooFar
356,608,537,394,tooFar
356,603,539,397,tooFar
359,607,547,8190,tooFar
359,614,543,404,tooFar
361,610,550,399,tooFar
352,603,540,384,tooFar
354,616,552,370,tooFar
363,615,555,408,tooFar
357,615,550,368,tooFar
357,614,553,360,tooFar
360,607,540,405,tooFar
356,603,544,371,tooFar
357,610,545,390,tooFar
356,603,538,417,tooFar
356,602,542,391,tooFar
355,601,536,423,tooFar
348,598,533,418,tooFar
354,603,539,395,tooFar
348,598,534,425,tooFar
348,598,533,417,tooFar
908,1282,967,81,White
725,1132,852,73,White
681,1034,913,72,White
707,969,864,77,White
692,963,976,74,White
727,921,764,72,White
693,856,648,61,White
507,506,362,35,White
758,835,688,22,White
1211,4514,4411,19,White
5614,2863,853,20,White
472,517,366,35,White
423,487,386,41,White
514,633,542,50,White
602,888,607,54,White
612,751,574,52,White
646,754,630,54,White
601,825,652,62,White
539,669,577,51,White
536,653,642,45,White
547,641,528,45,White
505,558,451,46,White
560,646,545,50,White
569,779,624,53,White
565,877,708,62,White
674,967,927,79,White
704,958,903,76,White
699,972,806,73,White
654,864,770,68,White
690,901,798,72,White
758,997,791,71,White
761,1083,903,77,White
843,1008,772,69,White
662,950,763,62,White
664,991,828,66,White
731,1031,825,66,White
668,861,807,63,White
712,1001,910,68,White
825,1119,946,79,White
792,1000,805,69,White
715,878,745,65,White
883,1052,789,61,White
878,960,761,60,White
763,881,629,52,White
753,948,802,61,White
772,1049,787,58,White
805,1182,944,70,White
868,1217,997,76,White
786,1043,993,73,White
736,1000,953,78,White
750,999,835,74,White
731,961,809,72,White
719,1036,768,69,White
684,906,693,64,White
681,943,757,71,White
665,956,803,70,White
685,1055,844,72,White
766,1044,962,75,White
835,1164,1042,75,White
910,1159,1054,70,White
812,1003,930,64,White
751,871,720,61,White
681,828,675,58,White
693,861,672,60,White
754,918,732,68,White
651,930,762,66,White
639,1005,745,63,White
604,769,658,58,White
589,785,731,61,White
686,790,637,60,White
642,800,664,56,White
681,958,681,58,White
666,824,638,52,White
713,839,619,51,White
627,795,616,50,White
611,727,596,50,White
569,703,595,49,White
527,621,462,43,White
527,600,494,45,White
543,707,572,54,White
655,796,680,56,White
593,836,699,56,White
605,914,712,59,White
646,863,839,63,White
675,920,869,65,White
885,980,787,59,White
831,979,794,61,White
873,1086,876,61,White
819,1013,778,62,White
868,976,820,59,White
699,954,723,57,White
666,848,765,57,White
732,962,855,64,White
835,1132,1060,70,White
957,1181,963,73,White
861,1113,977,70,White
888,1074,851,70,White
794,1019,829,71,White
738,992,679,61,White
787,850,634,51,White
772,836,718,50,White
758,1367,1290,102,White
1001,1666,1360,117,White
616,498,388,37,White
815,1373,1334,138,White
897,1284,1064,88,White
635,1004,1100,95,White
904,1487,1382,178,White
917,1359,1064,109,White
584,597,718,58,White
863,1414,1306,160,White
868,1325,1021,106,White
642,683,487,43,White
742,1281,1213,129,White
799,1156,782,70,White
453,500,551,46,White
786,1344,1388,138,White
844,1210,1018,83,White
580,616,720,58,White
833,1454,1444,153,White
943,1472,1170,119,White
715,746,530,48,White
844,1501,1502,150,White
1100,1845,1642,172,White
976,1241,760,70,White
545,532,439,44,White
643,1203,1179,100,White
1082,1843,1508,130,White
839,990,831,68,White
671,931,991,75,White
804,1127,1020,94,White
847,1188,1038,96,White
821,1225,1091,108,White
883,1363,1176,129,White
868,1280,1062,105,White
859,1392,1216,105,White
939,1314,1231,114,White
881,1438,1325,119,White
856,1368,1201,105,White
942,1436,1192,106,White
802,1288,1032,89,White
788,1304,1072,80,White
786,1172,1131,93,White
765,1116,1027,86,White
737,1008,1060,73,White
816,1153,1047,96,White
833,1222,1049,94,White
809,1239,1062,86,White
869,1314,1094,100,White
823,1265,1088,102,White
920,1209,913,79,White
796,1210,1028,82,White
774,1236,1026,90,White
810,1313,1074,89,White
841,1088,918,75,White
743,1127,1092,91,White
762,1062,927,76,White
750,1035,957,69,White
712,887,813,73,White
802,1114,978,89,White
807,1119,831,76,White
746,1012,803,71,White
685,966,756,65,White
650,919,766,64,White
659,1075,757,66,White
593,701,712,55,White
647,914,921,67,White
742,910,783,70,White
702,879,733,65,White
701,976,803,70,White
830,1222,1076,84,White
872,1187,974,85,White
868,1173,1101,93,White
790,1284,1052,97,White
829,1361,1244,102,White
877,1293,1008,85,White
776,1125,1021,86,White
772,1101,970,81,White
777,1146,1176,87,White
876,1336,1260,97,White
897,1132,946,80,White
803,1069,917,74,White
851,1187,1012,80,White
807,1067,936,73,White
821,1082,855,68,White
845,1019,743,62,White
740,882,833,58,White
738,1156,996,80,White
766,1166,791,62,White
670,872,759,60,White
719,957,827,67,White
802,1047,911,70,White
836,1069,877,73,White
808,1067,854,68,White
780,1062,867,72,White
771,1166,930,73,White
746,1111,892,72,White
771,1080,771,61,White
741,1029,979,76,White
744,1076,1090,77,White
840,1028,880,72,White
786,1015,849,66,White
870,1285,1059,75,White
1027,1533,1332,93,White
1088,1465,1114,90,White
741,1000,832,67,White
906,1042,794,68,White
664,983,754,67,White
597,835,719,63,White
591,817,753,67,White
622,863,811,75,White
660,923,813,73,White
763,1060,949,87,White
820,1123,979,93,White
746,1121,931,88,White
761,1147,978,90,White
829,1186,1031,95,White
793,1241,1069,90,White
888,1360,1069,81,White
813,1263,1101,89,White
671,726,530,43,White
465,494,358,36,White
451,521,405,33,White
507,563,479,39,White
593,648,428,42,White
474,518,387,32,White
950,1345,962,20,White
6674,12627,14195,33,White
14652,1425,364,25,White
452,523,382,36,White
427,487,376,37,White
440,518,394,39,White
463,506,363,34,White
436,516,349,31,White
439,519,382,37,White
449,494,378,38,White
439,505,392,38,White
475,513,384,37,White
439,512,378,34,White
520,633,489,29,White
493,540,476,19,White
442,509,449,38,White
464,564,457,44,White
568,702,600,52,White
643,728,586,51,White
714,937,829,66,White
683,1071,934,78,White
725,1177,914,79,White
732,1059,956,84,White
778,1122,1009,87,White
771,1052,903,85,White
718,958,810,74,White
759,1026,827,69,White
734,1027,816,74,White
768,1061,889,82,White
755,1230,1022,86,White
787,1247,1011,86,White
783,1168,1001,87,White
765,1161,982,87,White
738,1067,965,89,White
742,1083,985,92,White
741,1080,940,89,White
765,1062,928,86,White
789,1106,951,84,White
804,1154,913,75,White
790,1048,829,68,White
829,1034,785,66,White
786,814,554,50,White
522,777,556,46,White
578,716,686,50,White
579,700,584,50,White
545,672,550,52,White
564,649,528,51,White
581,704,536,51,White
559,674,543,45,White
554,730,567,48,White
573,707,583,50,White
543,655,621,44,White
566,664,546,49,White
553,655,530,51,White
547,691,552,51,White
543,828,646,57,White
640,928,782,64,White
703,1069,814,66,White
661,816,704,55,White
609,766,749,54,White
629,820,707,65,White
683,938,852,76,White
800,1183,1053,95,White
884,1317,1041,91,White
889,1302,1091,85,White
1006,1375,1090,81,White
1050,1410,1158,86,White
1114,1539,1299,102,White
1187,1656,1417,107,White
1218,1845,1582,116,White
1228,1843,1559,116,White
1298,1771,1447,100,White
1343,1718,1363,90,White
1281,1584,1260,88,White
1090,1469,1219,89,White
1117,1527,1293,97,White
1157,1732,1397,100,White
1283,1717,1426,104,White
1160,1623,1305,93,White
1233,1575,1258,85,White
1151,1495,1112,75,White
932,1441,1134,80,White
969,1637,1189,84,White
1002,1644,1208,83,White
1006,1428,1232,86,White
1050,1598,1293,84,White
1083,1599,1253,85,White
1042,1452,1118,76,White
852,1108,944,75,White
778,1053,982,78,White
761,1028,868,71,White
836,1088,928,71,White
905,1225,1063,84,White
889,1285,1029,93,White
856,1195,991,91,White
798,1133,915,86,White
858,1102,928,85,White
771,1121,949,78,White
772,1195,897,72,White
756,1224,853,71,White
705,958,969,66,White
828,1106,1001,70,White
828,1046,929,69,White
675,875,745,61,White
623,800,666,60,White
648,751,597,58,White
639,865,708,61,White
702,828,619,56,White
742,888,658,54,White
620,827,697,55,White
698,949,837,68,White
727,993,996,69,White
800,1062,875,75,White
765,940,779,69,White
710,936,829,77,White
786,1079,917,75,White
866,1157,926,75,White
843,1135,866,73,White
784,1009,823,73,White
692,981,821,73,White
731,1103,1043,85,White
780,987,839,69,White
764,959,922,67,White
732,821,731,59,White
842,1134,979,74,White
907,1320,1070,83,White
1069,1479,1154,82,White
1020,1280,916,71,White
797,966,732,65,White
711,892,730,59,White
625,962,742,68,White
630,1040,743,69,White
623,865,770,69,White
678,948,897,76,White
719,1040,909,75,White
814,1022,864,71,White
772,913,768,63,White
878,1194,892,68,White
849,1130,926,72,White
1009,1413,1126,84,White
1047,1192,922,74,White
771,1022,809,73,White
728,1112,861,73,White
696,978,786,71,White
632,837,619,55,White
553,697,561,53,White
497,565,526,46,White
498,569,470,44,White
535,744,564,50,White
675,889,722,63,White
667,1004,875,71,White
775,1258,971,80,White
734,1140,985,90,White
734,1177,1005,94,White
762,1359,1159,112,White
811,1311,1232,122,White
824,1260,1124,106,White
850,1263,1093,98,White
881,1166,923,80,White
766,910,704,61,White
709,953,827,69,White
737,988,786,70,White
712,946,749,68,White
627,892,681,58,White
597,818,684,58,White
636,828,738,60,White
648,845,739,61,White
676,913,797,66,White
720,938,790,71,White
712,952,817,75,White
729,1035,839,75,White
714,984,791,70,White
793,1021,817,69,White
724,1046,830,69,White
698,966,781,61,White
692,888,764,63,White
705,954,977,64,White
870,1167,1049,83,White
932,1277,1101,85,White
854,1085,895,77,White
761,1079,828,74,White
729,917,702,67,White
648,901,716,67,White
653,996,803,69,White
639,964,832,75,White
668,1193,951,83,White
804,1229,1159,86,White
819,1087,1053,69,White
763,1002,982,61,White
757,799,573,47,White
602,635,496,40,White
595,754,610,50,White
834,965,800,64,White
742,1048,800,64,White
854,1293,1049,77,White
856,1177,1005,81,White
777,1063,993,81,White
719,941,794,69,White
658,879,729,68,White
679,852,710,69,White
674,993,729,68,White
736,997,805,77,White
767,1046,845,74,White
742,1031,838,65,White
707,926,742,58,White
715,892,724,57,White
676,836,720,57,White
685,824,640,55,White
635,730,589,49,White
639,816,703,61,White
740,1164,1071,98,White
921,1465,1340,147,White
945,1589,1469,169,White
1133,1886,1727,149,White
1315,2059,1685,129,White
1213,1885,1671,132,White
1277,2023,1757,154,White
1242,1936,1664,154,White
1148,1812,1517,153,White
1032,1522,1346,140,White
964,1498,1249,128,White
893,1466,1249,132,White
929,1459,1272,135,White
950,1455,1336,137,White
944,1606,1380,139,White
943,1539,1346,135,White
950,1540,1400,129,White
1011,1643,1413,122,White
1007,1615,1378,117,White
995,1549,1317,114,White
946,1421,1315,114,White
932,1425,1305,117,White
948,1447,1377,118,White
1009,1591,1397,112,White
897,1336,1195,106,White
845,1275,1182,107,White
837,1310,1325,115,White
964,1428,1285,102,White
1132,1537,1356,93,White
1213,1563,1359,95,White
1153,1637,1506,105,White
1254,1713,1519,110,White
981,1359,1162,104,White
846,1263,1211,114,White
858,1280,1069,107,White
858,1216,1086,107,White
844,1207,1103,107,White
824,1270,1178,114,White
864,1333,1102,109,White
851,1321,1119,109,White
878,1481,1246,125,White
910,1507,1323,148,White
913,1544,1350,148,White
963,1627,1367,125,White
903,1383,1192,112,White
860,1497,1248,116,White
851,1419,1179,108,White
800,1203,1165,106,White
801,1180,1056,97,White
824,1068,837,73,White
778,991,828,70,White
814,1117,959,81,White
819,1148,961,86,White
866,1276,1082,100,White
819,1107,941,78,White
731,995,777,65,White
708,1175,872,72,White
745,1032,959,75,White
655,793,743,63,White
741,1021,846,72,White
759,1053,889,80,White
737,868,670,57,White
674,800,649,55,White
776,989,840,70,White
834,1119,901,79,White
812,1207,1149,88,White
907,1429,1150,89,White
872,1347,1080,84,White
813,1171,887,69,White
1312,1382,1575,30,Green
1184,1393,1121,43,Green
926,1071,1141,45,Green
912,1089,1296,58,Green
917,1210,1288,53,Green
1029,1175,1595,61,Green
1070,1149,1446,57,Green
1235,1333,1656,62,Green
1213,1341,1667,55,Green
1133,1226,1415,56,Green
998,1017,1129,46,Green
1130,1029,1360,54,Green
1134,945,1026,44,Green
955,896,1014,46,Green
944,849,930,44,Green
879,779,904,41,Green
937,813,882,41,Green
978,953,962,45,Green
1033,994,1211,49,Green
862,1128,1164,50,Green
895,1112,1161,47,Green
972,1389,1352,67,Green
934,1240,1269,65,Green
905,975,1294,56,Green
882,948,1327,54,Green
932,1128,1531,77,Green
1111,1421,1565,89,Green
1120,1384,1677,82,Green
1029,963,903,47,Green
818,875,1326,62,Green
1545,2147,2203,127,Green
1291,1159,978,51,Green
825,966,1011,49,Green
1001,1291,1488,77,Green
1409,1912,1854,122,Green
1226,1323,1112,59,Green
735,841,922,40,Green
924,1319,1572,82,Green
1227,1842,1863,120,Green
1117,1473,1275,68,Green
726,834,1084,42,Green
912,1198,1597,83,Green
1115,1518,1558,99,Green
883,807,1048,44,Green
755,1002,1578,76,Green
1179,1577,1807,124,Green
1206,1439,1581,84,Green
862,748,1095,36,Green
900,1215,1496,83,Green
1271,1691,1955,130,Green
1252,1373,1464,72,Green
872,732,853,38,Green
1110,1495,1766,113,Green
1455,1990,2136,137,Green
1233,1306,1534,64,Green
759,761,921,33,Green
1025,1381,1762,92,Green
1476,1928,1962,128,Green
1355,1331,1174,70,Green
827,746,999,46,Green
1170,1510,1664,112,Green
1274,1566,1487,100,Green
948,746,1035,35,Green
910,1226,1501,89,Green
1262,1743,1749,136,Green
1216,1499,1189,68,Green
804,787,843,39,Green
1139,1464,1548,97,Green
1242,1708,1748,125,Green
1269,1493,1173,71,Green
746,846,1081,27,Green
852,1362,1502,85,Green
1112,1609,1491,90,Green
851,981,919,37,Green
925,890,1064,48,Green
1023,1391,1669,101,Green
1067,1210,1300,58,Green
807,796,1061,34,Green
936,1148,1398,83,Green
1204,1585,1624,115,Green
1188,1180,1067,62,Green
806,733,1013,45,Green
1146,1491,1633,110,Green
1236,1499,1511,99,Green
1061,1035,1034,55,Green
938,811,968,31,Green
1118,1294,1456,80,Green
1337,1722,1566,97,Green
1266,1083,956,44,Green
900,810,1074,44,Green
1070,1582,1745,92,Green
1572,1764,1486,86,Green
842,828,1200,30,Green
760,1115,1390,64,Green
1256,1861,1910,126,Green
1239,1517,1402,76,Green
823,1063,921,43,Green
944,1276,1634,90,Green
1210,1652,1807,138,Green
1231,1588,1697,99,Green
897,779,930,39,Green
936,1332,1672,103,Green
1237,1684,1831,148,Green
1233,1435,1306,77,Green
832,772,1139,30,Green
962,1228,1477,87,Green
1220,1630,1652,126,Green
1127,1092,974,50,Green
945,1128,1130,30,Green
1029,1326,1449,85,Green
1150,1646,1533,107,Green
1009,963,849,42,Green
963,920,1414,61,Green
1089,1619,1612,114,Green
1095,1428,1220,72,Green
725,823,1099,29,Green
856,1289,1559,85,Green
1158,1737,1760,122,Green
1068,1199,1106,54,Green
758,785,1014,46,Green
1137,1714,1775,134,Green
1210,1633,1464,85,Green
810,858,976,32,Green
964,1485,1697,104,Green
1263,1813,1750,124,Green
1038,1016,925,39,Green
747,990,1622,77,Green
1335,1873,2052,128,Green
1187,1104,986,40,Green
1274,745,1363,59,Green
1411,2068,2353,139,Green
1539,1870,1801,89,Green
809,743,1244,49,Green
1298,1875,2114,135,Green
1404,1698,1694,92,Green
740,723,1046,45,Green
1261,1715,1844,131,Green
1305,1496,1341,83,Green
939,1103,1373,71,Green
1239,1526,1433,89,Green
843,862,1258,56,Green
1326,1702,1663,114,Green
1094,887,916,44,Green
1335,1705,1813,130,Green
1359,1648,1411,86,Green
1041,796,1065,46,Green
1184,1881,1977,132,Green
1414,1792,1464,86,Green
1051,876,1079,42,Green
1164,1813,1942,120,Green
1502,1811,1556,84,Green
860,855,1138,28,Green
1327,1758,1894,104,Green
1565,1750,1445,79,Green
989,761,968,38,Green
1072,1751,1940,111,Green
1418,1967,1801,101,Green
912,939,930,38,Green
935,1715,1927,97,Green
1445,1899,1735,89,Green
782,896,971,43,Green
1185,2048,2164,124,Green
1445,1911,1440,67,Green
807,1347,1723,71,Green
1614,2351,2187,108,Green
1156,1144,972,39,Green
794,1186,1922,67,Green
1809,2572,2514,137,Green
1227,1134,996,40,Green
990,1745,2148,111,Green
1630,2312,1964,118,Green
1233,901,1081,42,Green
1202,1940,2084,138,Green
1489,1843,1578,104,Green
936,937,1280,58,Green
1406,1969,2005,154,Green
1398,1628,1489,92,Green
993,992,1093,54,Green
1020,1236,1115,56,Green
1144,1203,1056,49,Green
946,935,918,43,Green
879,1012,1027,48,Green
907,1420,1376,64,Green
966,1219,1161,50,Green
836,898,948,43,Green
883,792,988,39,Green
744,789,1076,44,Green
801,857,965,45,Green
1055,1196,1307,66,Green
1102,1114,1155,55,Green
951,936,1055,52,Green
916,1003,899,46,Green
880,938,999,50,Green
1000,1066,1006,51,Green
1018,787,886,42,Green
1003,831,968,45,Green
765,1002,912,46,Green
748,746,919,46,Green
881,752,855,42,Green
856,854,993,48,Green
935,915,972,48,Green
918,1048,1043,47,Green
1023,931,969,46,Green
1075,886,1107,42,Green
715,792,919,40,Green
725,1167,993,41,Green
771,861,1002,42,Green
788,867,988,49,Green
894,876,909,45,Green
824,797,904,40,Green
845,866,1090,39,Green
924,886,958,34,Green
964,906,989,35,Green
1004,999,1332,64,Green
1193,1084,1301,81,Green
1094,1105,1194,46,Green
833,917,1072,44,Green
831,1070,1173,42,Green
793,789,998,41,Green
771,750,857,45,Green
830,753,882,39,Green
831,770,887,45,Green
860,895,919,44,Green
914,1004,1041,52,Green
1248,1114,1218,51,Green
867,1033,1097,50,Green
802,960,1026,49,Green
778,1172,1080,50,Green
859,1283,1187,58,Green
920,1051,1332,57,Green
835,858,1117,51,Green
879,1035,1365,64,Green
1053,1199,1316,70,Green
1160,1379,1480,86,Green
1138,1255,1396,73,Green
1104,1189,1293,63,Green
1140,1315,1477,71,Green
1333,1570,1599,74,Green
1253,1349,1392,69,Green
1096,1035,1130,54,Green
1075,1292,1311,54,Green
1220,1284,1286,54,Green
1087,1077,1216,54,Green
1258,1257,1538,94,Green
1330,1313,1296,58,Green
950,1013,1059,36,Green
816,953,1027,36,Green
811,929,1052,42,Green
829,967,1081,42,Green
825,852,1233,45,Green
873,923,1133,52,Green
879,918,1002,47,Green
871,829,940,43,Green
889,874,959,49,Green
892,1053,1058,50,Green
1037,1217,1244,65,Green
1137,1304,1314,73,Green
1132,1481,1606,104,Green
1413,1862,1882,135,Green
1554,2067,2105,129,Green
1636,2131,2101,131,Green
1608,2171,2239,124,Green
1924,2445,2303,119,Green
1662,1982,1989,120,Green
1511,1902,1989,112,Green
1512,1912,2007,108,Green
1333,1660,1887,105,Green
1277,1651,1860,110,Green
1161,1548,1680,112,Green
1139,1546,1692,117,Green
1240,1589,1765,112,Green
1198,1601,1799,122,Green
1234,1612,1803,118,Green
1234,1657,1872,124,Green
1299,1947,1888,120,Green
1342,1863,1954,119,Green
1389,2000,1972,120,Green
1339,1673,1717,95,Green
1183,1592,1616,79,Green
1095,1541,1575,93,Green
1090,1522,1515,81,Green
1194,1676,1787,116,Green
1244,1782,1891,129,Green
1654,2302,2274,148,Green
1804,2326,2205,131,Green
1588,2262,2307,120,Green
1491,1900,1758,97,Green
1229,1480,1416,74,Green
1090,1463,1378,76,Green
1075,1506,1518,81,Green
1107,1541,1497,91,Green
1209,1718,1768,91,Green
1491,1808,1722,89,Green
1426,1611,1670,81,Green
1532,1613,1701,77,Green
1566,1615,1535,71,Green
1270,1458,1407,68,Green
1244,1347,1366,67,Green
1289,1317,1272,60,Green
1175,1274,1320,66,Green
1298,1326,1430,73,Green
1029,1419,1398,73,Green
1039,1351,1515,76,Green
1007,1360,1369,74,Green
983,1327,1292,60,Green
932,1219,1262,50,Green
984,1393,1289,49,Green
1020,1138,1539,58,Green
1202,1277,1559,80,Green
955,918,1246,53,Green
985,1152,1385,64,Green
1206,1228,1306,68,Green
1215,1396,1748,69,Green
1075,1260,1601,72,Green
1076,1285,1773,78,Green
1023,1200,1716,74,Green
1135,1271,1314,79,Green
1101,1359,1534,82,Green
1300,1398,1435,74,Green
1102,1166,1186,69,Green
1022,1154,1255,68,Green
1107,1298,1428,74,Green
1169,1279,1382,72,Green
1203,1408,1544,84,Green
1291,1358,1456,81,Green
1159,1234,1298,72,Green
1072,1172,1261,72,Green
1042,1097,1122,62,Green
1116,1253,1120,59,Green
1050,1124,1054,52,Green
882,884,918,41,Green
792,985,1166,52,Green
928,1330,1379,75,Green
1007,1363,1344,73,Green
933,1440,1273,65,Green
887,1122,1194,62,Green
843,910,1267,50,Green
832,860,1139,38,Green
1066,1192,1524,55,Green
1083,1286,1688,61,Green
1124,1301,1783,57,Green
1224,1135,1691,54,Green
1072,1182,1575,56,Green
1071,1208,1649,65,Green
1121,1140,1204,62,Green
1108,1211,1347,68,Green
1247,1301,1296,63,Green
1141,1224,1279,66,Green
1083,1187,1249,70,Green
1080,1219,1306,70,Green
1138,1277,1157,58,Green
1048,1219,1244,63,Green
1029,1128,1109,56,Green
973,1106,1146,60,Green
1156,1123,1107,58,Green
1072,1151,1124,58,Green
958,1239,1321,69,Green
929,1235,1298,56,Green
890,1089,1174,56,Green
840,1112,1104,43,Green
887,1119,1301,50,Green
950,1391,1288,53,Green
898,1035,1416,64,Green
976,1168,1369,71,Green
994,1147,1365,71,Green
1050,1299,1836,75,Green
1146,1427,1845,89,Green
1110,1339,1741,84,Green
1152,1333,1354,81,Green
1113,1300,1423,73,Green
1178,1290,1316,67,Green
1024,1207,1255,70,Green
1029,1212,1301,74,Green
1075,1276,1275,71,Green
1078,1258,1321,73,Green
1127,1305,1386,76,Green
1133,1485,1388,80,Green
1133,1401,1412,76,Green
1152,1305,1245,64,Green
1214,1107,1105,51,Green
854,1053,1139,43,Green
807,960,1051,46,Green
833,1178,1086,49,Green
834,929,1197,54,Green
866,940,1308,51,Green
868,930,1584,51,Green
951,1033,1137,53,Green
1146,1014,1191,55,Green
1106,1172,1368,62,Green
1126,1022,1145,56,Green
1048,1073,1172,57,Green
983,991,1096,50,Green
975,989,1104,52,Green
1083,1157,1119,47,Green
1095,993,970,47,Green
1011,958,1038,48,Green
1159,1069,1111,54,Green
1022,1197,1210,65,Green
1101,1258,1256,65,Green
1229,1258,1373,67,Green
1074,1456,1589,71,Green
1116,1502,1432,67,Green
997,1296,1333,59,Green
961,1189,1161,54,Green
853,1038,1078,44,Green
861,968,1369,56,Green
907,960,1244,47,Green
952,1137,1481,64,Green
981,1113,1358,64,Green
1025,1189,1333,66,Green
1061,1071,1168,60,Green
1024,1116,1220,63,Green
1057,1188,1339,73,Green
1165,1346,1430,80,Green
1255,1390,1401,75,Green
1122,1203,1367,69,Green
1163,1225,1401,69,Green
1234,1300,1284,63,Green
1184,1306,1258,65,Green
1148,1180,1298,69,Green
1138,1271,1343,75,Green
1125,1191,1195,64,Green
974,952,1035,50,Green
931,1139,1035,52,Green
1018,1202,1239,64,Green
1201,1290,1288,68,Green
1183,1383,1428,63,Green
1003,1271,1182,60,Green
964,1218,1417,59,Green
1028,1457,1418,74,Green
1277,1412,1570,74,Green
1121,1623,1601,82,Green
1036,1301,1234,56,Green
861,1092,1136,44,Green
831,896,1328,50,Green
925,1052,1331,60,Green
1005,1127,1503,57,Green
990,1084,1419,57,Green
935,1004,1535,54,Green
2904,3010,2375,61,Blue
2623,2883,2592,62,Blue
2500,3314,2367,58,Blue
2817,3076,2320,60,Blue
2654,2716,2437,58,Blue
2373,2702,2557,58,Blue
2431,3427,2488,59,Blue
2444,3036,2264,55,Blue
2790,2786,2688,58,Blue
2284,2553,2217,52,Blue
2117,2479,1740,38,Blue
1936,2272,1519,35,Blue
2219,2240,1539,30,Blue
2159,2187,1556,32,Blue
2119,2189,1615,36,Blue
2176,2137,1617,38,Blue
2177,2061,1657,39,Blue
1935,2060,1709,37,Blue
1963,2489,1802,43,Blue
2051,2580,1829,40,Blue
2099,2492,1788,38,Blue
2225,2570,1839,43,Blue
2336,2491,1789,41,Blue
2217,2130,1658,41,Blue
2012,2092,1728,43,Blue
2088,2839,1922,39,Blue
1934,1990,1393,37,Blue
2579,3309,2460,36,Blue
3320,3387,2750,34,Blue
3310,3995,2197,44,Blue
1566,1947,1403,47,Blue
1529,1448,1111,39,Blue
1964,1748,1360,40,Blue
1939,1847,1217,42,Blue
1942,1875,1377,45,Blue
1930,2031,1503,42,Blue
2201,2015,1372,43,Blue
1941,1968,1542,41,Blue
2004,1798,1474,42,Blue
1581,1786,1638,41,Blue
1833,1608,1208,34,Blue
1585,1650,1446,34,Blue
1664,1651,1323,39,Blue
1639,1590,1280,35,Blue
1706,1826,1347,37,Blue
1656,1723,1169,40,Blue
1641,1799,1253,45,Blue
1644,1731,1305,45,Blue
1789,1858,1248,43,Blue
1719,1767,1205,40,Blue
1851,1574,1167,37,Blue
1985,1940,1337,31,Blue
1897,1958,1520,39,Blue
1904,1550,1223,34,Blue
2000,1717,1129,35,Blue
1537,1586,1145,38,Blue
2096,1981,1557,42,Blue
2516,2496,1822,43,Blue
2143,1951,1345,40,Blue
1694,1231,1072,39,Blue
1516,1547,1340,43,Blue
1370,1353,1197,39,Blue
1511,1788,1960,51,Blue
2445,2781,2430,44,Blue
2542,2841,2014,52,Blue
2155,1713,1403,48,Blue
2397,2469,1671,48,Blue
2116,1823,1473,47,Blue
1829,1754,1465,46,Blue
2195,2312,2535,46,Blue
2998,3643,2578,45,Blue
2948,3443,2564,45,Blue
3563,3761,2657,51,Blue
2423,2090,1401,50,Blue
1531,1453,1234,44,Blue
1667,1452,1028,40,Blue
1455,1328,1019,30,Blue
1555,1457,1171,34,Blue
1835,1604,1377,40,Blue
2068,2200,1995,40,Blue
2077,2492,1808,42,Blue
2032,2457,1772,42,Blue
2057,2436,1686,41,Blue
2350,2393,1719,40,Blue
2385,2283,1767,43,Blue
2315,2292,1782,44,Blue
2397,2425,1961,43,Blue
2093,2453,1860,41,Blue
2231,2588,1837,44,Blue
1919,1693,1240,47,Blue
2039,1859,1424,46,Blue
1887,1650,1171,45,Blue
1671,1609,1327,45,Blue
1895,2018,1806,48,Blue
2022,2263,2028,56,Blue
2046,2050,1706,56,Blue
1806,1971,1824,51,Blue
2450,3135,2651,54,Blue
4337,4775,3997,68,Blue
3818,4689,3364,66,Blue
3437,3260,2284,67,Blue
2726,2609,2090,64,Blue
2511,2560,2112,62,Blue
1807,1836,1658,56,Blue
1903,2473,2005,53,Blue
2566,3298,2368,56,Blue
2991,2564,2149,51,Blue
2507,2219,1710,42,Blue
1944,2079,1855,56,Blue
3734,3426,2396,51,Blue
3312,3049,2428,55,Blue
3718,3339,1291,80,Blue
1443,716,483,40,Blue
1243,915,646,45,Blue
1473,983,667,46,Blue
1450,915,657,50,Blue
1734,1105,771,43,Blue
1727,1234,829,51,Blue
1608,1062,740,59,Blue
2065,1525,910,57,Blue
1483,1209,770,57,Blue
1795,1117,753,48,Blue
1623,1090,725,56,Blue
1929,1225,762,54,Blue
1820,1172,760,52,Blue
2128,1246,897,53,Blue
1787,1064,852,46,Blue
1343,1382,996,54,Blue
1527,1274,939,50,Blue
1580,1396,1010,55,Blue
1984,1601,1152,52,Blue
2346,1665,1036,73,Blue
1844,1003,693,43,Blue
2229,1584,1071,90,Blue
1722,1008,737,54,Blue
1948,1156,769,54,Blue
1662,1147,688,50,Blue
1181,975,719,48,Blue
2464,2019,1255,335,Blue
2218,1240,766,54,Blue
1715,1419,906,51,Blue
1558,884,594,47,Blue
1850,1240,904,38,Blue
1670,1018,642,33,Blue
1658,690,458,32,Blue
1321,757,511,59,Blue
1405,991,811,49,Blue
1728,841,525,35,Blue
1292,961,745,38,Blue
2099,1840,1468,88,Blue
2425,2489,1999,115,Blue
2821,3350,2763,140,Blue
2802,2919,2452,125,Blue
2349,2600,1876,107,Blue
2048,2481,2001,103,Blue
2095,2438,1844,98,Blue
2792,2404,1721,93,Blue
2323,2249,2081,90,Blue
2579,2168,1578,97,Blue
2329,1722,1479,85,Blue
2086,1687,1623,82,Blue
1950,1848,1789,97,Blue
1987,1769,1498,91,Blue
1874,2428,1913,85,Blue
1990,2536,1926,81,Blue
2073,2530,1593,72,Blue
2653,2158,1420,74,Blue
2352,2000,1515,72,Blue
2252,1404,990,71,Blue
1686,1262,1117,79,Blue
2039,1704,1170,80,Blue
2204,1663,1280,80,Blue
2021,2007,1489,81,Blue
2250,1724,1418,81,Blue
2547,2381,1830,93,Blue
2271,2500,1685,93,Blue
2221,2526,2055,98,Blue
2939,3163,2422,96,Blue
3739,3120,2248,96,Blue
3148,2891,2677,103,Blue
2832,3170,2122,95,Blue
1970,1444,1005,65,Blue
1575,1664,929,55,Blue
1437,3472,1678,67,Blue
2667,3079,2099,102,Blue
2680,2102,1274,58,Blue
2512,2046,1253,118,Blue
2805,1693,1284,52,Blue
2467,1770,1352,60,Blue
2257,2028,1634,56,Blue
2614,2607,1978,53,Blue
2541,2071,1376,53,Blue
2465,1893,1233,53,Blue
2490,1613,1016,52,Blue
2352,1696,1146,63,Blue
2753,1347,848,50,Blue
2422,1697,1080,98,Blue
2486,1741,1754,36,Blue
2630,3142,3316,57,Blue
2848,3216,1775,47,Blue
2009,2187,1840,45,Blue
3609,3381,2453,33,Blue
3542,4129,3361,41,Blue
4703,5157,4616,43,Blue
4138,5117,3290,40,Blue
3928,5158,3333,46,Blue
3795,4384,3233,77,Blue
4172,4859,3130,356,Blue
4215,3832,2080,90,Blue
2352,3141,2306,63,Blue
3595,3602,2579,79,Blue
2825,2064,1323,36,Blue
1904,1168,797,40,Blue
2221,1205,823,36,Blue
1956,1100,740,33,Blue
2066,1266,933,37,Blue
2074,1339,912,98,Blue
1986,1559,887,64,Blue
1838,988,612,34,Blue
1848,977,553,33,Blue
1680,862,647,45,Blue
1993,1150,808,49,Blue
2200,1409,1149,52,Blue
2131,1217,930,45,Blue
2316,1350,916,37,Blue
1889,1251,781,43,Blue
2154,1199,862,49,Blue
2245,1725,1142,47,Blue
1948,1194,874,44,Blue
2277,1217,840,41,Blue
2220,1395,1010,38,Blue
2079,1501,967,41,Blue
2330,1294,1034,46,Blue
2077,1549,1207,47,Blue
1836,1037,675,42,Blue
2034,993,534,38,Blue
1878,1167,641,65,Blue
2483,1295,950,27,Blue
2088,1431,914,37,Blue
2127,1489,1413,59,Blue
2167,1986,1839,62,Blue
2288,2455,1567,61,Blue
2281,2205,1570,61,Blue
2082,1899,1401,62,Blue
2602,1862,1503,57,Blue
2447,1836,1349,61,Blue
2460,1930,1400,59,Blue
2587,1946,1198,52,Blue
2128,1549,1085,53,Blue
2245,1673,1386,66,Blue
2999,3709,4034,79,Blue
4366,5981,4651,67,Blue
4537,5476,3482,65,Blue
3767,3340,3373,73,Blue
3074,4434,3364,71,Blue
3256,3134,2263,72,Blue
3126,3081,2834,75,Blue
2801,3595,2323,73,Blue
2811,2127,1654,50,Blue
2807,2521,2274,67,Blue
2773,2832,2735,73,Blue
2706,2341,1178,32,Blue
1626,1251,988,44,Blue
1973,1467,1124,47,Blue
2045,2722,2287,94,Blue
2395,3077,2258,117,Blue
2654,2733,2503,127,Blue
2537,2823,2705,117,Blue
2596,3105,2769,119,Blue
2716,2676,2172,102,Blue
2635,2600,2742,93,Blue
2519,2711,2745,83,Blue
2995,3679,2557,77,Blue
2814,2528,1778,77,Blue
2641,2647,1901,70,Blue
2608,2204,2033,66,Blue
2937,3322,2366,72,Blue
2743,2615,2028,73,Blue
2852,2379,1703,65,Blue
2703,2364,1851,66,Blue
2697,2326,1920,65,Blue
2566,4121,1675,57,Blue
2919,2351,1647,50,Blue
2896,2611,1609,49,Blue
2631,2058,1748,50,Blue
2549,2010,1493,51,Blue
2653,3056,2485,71,Blue
2500,3342,2304,78,Blue
2263,2239,1503,55,Blue
2126,2144,1547,57,Blue
2099,2289,1857,64,Blue
2333,2427,2020,64,Blue
2550,2181,1739,59,Blue
1889,1978,1700,61,Blue
1838,1967,1850,56,Blue
2323,2847,2358,73,Blue
2314,2306,1552,60,Blue
1914,2099,1535,63,Blue
1832,1547,1197,48,Blue
1620,1492,1117,44,Blue
1527,1402,1056,41,Blue
1651,1555,1388,45,Blue
2352,2112,1611,45,Blue
2807,3060,2501,46,Blue
3002,3285,2361,47,Blue
3002,3156,2372,45,Blue
2659,2995,2550,47,Blue
2432,2874,2076,50,Blue
2406,2501,1574,56,Blue
1663,1876,1566,54,Blue
1580,1910,1426,54,Blue
2029,2267,2302,65,Blue
2727,3322,3516,112,Blue
3402,3376,2368,64,Blue
3109,2404,1327,59,Blue
2484,1572,1031,47,Blue
2284,1583,1045,46,Blue
2220,1627,1133,76,Blue
1867,1050,649,40,Blue
1774,1105,697,35,Blue
2271,1747,1060,41,Blue
2203,1483,1026,54,Blue
2217,1214,820,35,Blue
1933,1157,786,42,Blue
1826,1316,929,46,Blue
2404,1891,1258,37,Blue
2293,1591,1257,34,Blue
2119,1207,779,42,Blue
1649,1006,646,40,Blue
1831,1048,704,38,Blue
1826,1282,1026,47,Blue
2453,1333,1037,69,Blue
2499,1427,916,38,Blue
1956,1077,809,41,Blue
1899,1331,1101,34,Blue
2198,1318,975,37,Blue
2556,1961,1542,41,Blue
2957,2048,1225,71,Blue
1902,1078,768,70,Blue
2106,1647,1259,76,Blue
2788,3118,2875,98,Blue
3673,6255,4021,136,Blue
4809,5968,5140,142,Blue
2427,2541,1638,65,Blue
1774,1344,742,46,Blue
1747,1396,869,56,Blue
1799,1798,1220,64,Blue
2271,2047,1665,70,Blue
3141,2287,1419,67,Blue
2483,1936,1285,67,Blue
2314,1979,1168,69,Blue
2241,1998,1338,78,Blue
2404,1955,1498,77,Blue
2795,2026,1683,73,Blue
2812,2634,1930,72,Blue
2171,2284,1508,66,Blue
2240,2291,1502,54,Blue
2257,1964,1279,55,Blue
2300,1674,1189,66,Blue
2402,1851,1316,57,Blue
2518,1842,1465,64,Blue
3054,3285,2476,94,Blue
2669,3067,2468,124,Blue
3018,2889,2457,139,Blue
2780,2572,2243,124,Blue
2660,2644,2465,134,Blue
2383,3004,2257,135,Blue
2905,2864,2552,136,Blue
2668,2909,3000,126,Blue
2762,3752,2719,124,Blue
3286,3444,3031,98,Blue
3196,3493,3080,106,Blue
2453,2802,2174,123,Blue
2580,2434,2096,122,Blue
2523,2553,2656,125,Blue
2544,3340,2521,119,Blue
2700,3487,2937,111,Blue
3766,4190,3868,106,Blue
2894,3853,2638,73,Blue
2922,2528,1846,98,Blue
2669,2638,1994,109,Blue
2965,2676,2419,110,Blue
2943,3096,2614,115,Blue
2921,3690,2769,106,Blue
3356,2947,2463,103,Blue
2882,2676,2579,70,Blue
2422,3083,2184,106,Blue
2960,3262,2721,115,Blue
3241,3016,2543,100,Blue
2279,2247,2103,69,Blue
2495,2709,1984,52,Blue
2756,3311,2910,84,Blue
3733,3472,2911,78,Blue
2847,2383,1997,60,Blue
2284,1415,1026,64,Blue
2273,2096,1482,60,Blue
2575,2583,1996,67,Blue
3366,2503,1812,63,Blue
3003,2182,1494,62,Blue
2741,1954,1504,58,Blue
2153,1895,1743,66,Blue
2953,2601,1884,65,Blue
3348,2421,1856,61,Blue
3206,2369,1329,43,Blue
2973,1533,870,65,Blue
2556,2669,2014,86,Blue
3293,2867,1824,65,Blue
2975,2370,2140,74,Blue
3496,2747,2057,70,Blue
3135,2586,1445,62,Blue
2769,2344,2160,41,Blue
3399,2388,1491,56,Blue
2770,2144,1504,64,Blue
2261,1262,673,47,Blue
2370,2007,1482,43,Blue
2268,1791,1681,62,Blue
2435,2635,1918,81,Blue
2842,2805,2070,75,Blue
3658,3011,2623,75,Blue
3279,3138,2108,87,Blue
3310,3882,3560,75,Blue
5245,6374,4336,52,Blue
4571,5720,4710,51,Blue
4663,6640,5466,63,Blue
4629,5494,3312,66,Blue
3120,3008,2631,73,Blue
3027,1979,776,61,Blue
2390,2149,2202,71,Blue
2824,2449,2205,77,Blue
2754,2419,1779,69,Blue
3302,2728,2023,82,Blue
3394,2051,2361,190,Blue
3763,4092,3276,111,Blue
4391,4215,2512,78,Blue
2587,1236,1444,38,Blue
3065,2162,1639,47,Blue
3254,2395,2079,83,Blue
3475,2476,1937,76,Blue
2536,2502,2717,54,Blue
3908,3739,3272,30,Blue
3723,3555,2974,67,Blue
3320,4280,1848,77,Blue
2226,2003,1812,77,Blue
2997,2077,1578,73,Blue
2634,2213,1564,78,Blue
2541,1136,1053,72,Blue
3317,3124,2807,69,Blue
3940,5091,4057,60,Blue
4356,6274,3909,54,Blue
4799,5859,4401,54,Blue
5160,5565,4239,62,Blue
2504,2614,2387,62,Blue
2610,3408,2751,68,Blue
4658,5238,5208,61,Blue
4715,5284,4096,49,Blue
4493,5851,3863,52,Blue
4594,4447,2608,59,Blue
2260,2738,2115,65,Blue
2772,1991,838,55,Blue
2292,1407,1369,65,Blue
2709,1665,1599,59,Blue
2478,2255,1570,61,Blue
2633,3540,2693,69,Blue
4032,5846,4688,65,Blue
4287,6008,4783,137,Blue
4077,6032,5245,306,Blue
3582,4453,3588,116,Blue
2218,1627,1556,73,Blue
2523,2066,1426,60,Blue
2284,2743,2545,20,Blue
2391,2277,1774,59,Blue
2379,2763,3181,50,Blue
3874,5617,3622,46,Blue
4490,4962,4060,50,Blue
4758,5149,5002,58,Blue
4470,5381,3480,73,Blue
3400,2691,1400,66,Blue
2577,1533,1107,57,Blue
2439,1605,1205,63,Blue
2197,3147,1856,50,Blue
2208,3529,3963,55,Blue
3800,4104,3376,43,Blue
3890,3694,3318,46,Blue
3974,4236,2084,59,Blue
3203,2281,1539,55,Blue
2028,1715,1291,48,Blue
1921,1839,2033,33,Blue
4449,1241,1105,31,Blue
1622,1204,1037,60,Blue
2265,1786,1221,59,Blue
2069,1372,1247,57,Blue
2058,1539,1142,61,Blue
1576,1193,950,55,Blue
2149,1490,1160,68,Blue
2858,3067,2449,82,Blue
3094,3000,3142,80,Blue
3163,3488,3190,82,Blue
3412,4814,4275,97,Blue
5010,7560,6789,159,Blue
4558,4475,3616,108,Blue
2738,2735,1697,67,Blue
2493,1544,971,55,Blue
2387,2542,946,39,Blue
2233,1498,931,37,Blue
2494,1629,1017,50,Blue
2442,1652,996,48,Blue
2060,1434,1148,52,Blue
1980,1616,1116,54,Blue
1966,1686,1243,61,Blue
2033,1983,1235,59,Blue
2156,2309,1616,70,Blue
2318,2540,1706,69,Blue
2613,2248,1397,59,Blue
2457,1850,1067,61,Blue
2052,1458,891,50,Blue
2184,1530,1132,58,Blue
2050,1912,1218,67,Blue
1966,1741,1097,63,Blue
1877,1567,986,63,Blue
1783,1495,1066,63,Blue
1719,1465,1020,51,Blue
1739,1493,1074,53,Blue
1976,1839,1597,60,Blue
1852,1714,1217,51,Blue
1565,1425,1006,50,Blue
1593,1385,1104,46,Blue
1602,1435,1099,49,Blue
1580,1463,1088,62,Blue
1929,1743,1105,65,Blue
2301,3740,3486,103,Blue
3622,3439,2717,83,Blue
2217,1546,1352,51,Blue
2079,1556,1395,57,Blue
1968,1697,1583,78,Blue
2085,2024,1561,73,Blue
2200,2097,1531,78,Blue
2696,2190,1733,81,Blue
2519,1682,1726,66,Blue
2458,1663,1282,64,Blue
2577,2718,1707,61,Blue
3105,2685,1625,69,Blue
2545,2122,1448,69,Blue
2268,1728,1740,66,Blue
1217,2017,2025,87,Yellow
1156,2004,2025,86,Yellow
1135,2005,2038,88,Yellow
1143,1943,2054,90,Yellow
1156,1952,2053,85,Yellow
1150,1969,2096,88,Yellow
1177,1983,2343,84,Yellow
1149,1877,2238,75,Yellow
990,1424,1984,50,Yellow
771,1214,1536,46,Yellow
775,1169,1435,40,Yellow
800,1279,1528,45,Yellow
841,1268,1462,47,Yellow
845,1309,1544,48,Yellow
889,1400,1527,48,Yellow
829,1370,1531,48,Yellow
877,1356,1505,45,Yellow
907,1453,1596,48,Yellow
873,1334,1420,43,Yellow
792,1206,1399,36,Yellow
681,1167,1407,41,Yellow
680,1235,1507,46,Yellow
768,1392,1624,50,Yellow
824,1506,1656,51,Yellow
812,1439,1649,51,Yellow
870,1589,1697,56,Yellow
864,1542,1779,57,Yellow
900,1579,1763,58,Yellow
903,1554,1662,51,Yellow
817,1567,1717,56,Yellow
873,1598,1683,54,Yellow
775,1103,1430,34,Yellow
697,1243,1756,33,Yellow
880,1481,1921,30,Yellow
673,1081,1765,42,Yellow
851,1499,2130,71,Yellow
1147,1809,2287,78,Yellow
1086,1812,2132,77,Yellow
989,1605,2013,64,Yellow
1007,1735,2083,75,Yellow
1013,1738,2092,80,Yellow
1022,1738,2087,77,Yellow
971,1574,1923,65,Yellow
937,1576,1849,65,Yellow
927,1590,1925,66,Yellow
967,1715,2100,83,Yellow
1116,2005,2377,97,Yellow
1327,2302,2497,107,Yellow
1168,2034,2240,106,Yellow
1111,2145,2134,96,Yellow
1114,2109,2243,100,Yellow
1129,2202,2156,97,Yellow
1086,2077,2093,89,Yellow
1135,2336,2330,107,Yellow
1187,2011,2058,87,Yellow
1035,2068,2033,85,Yellow
1088,2109,2135,78,Yellow
1123,2176,2074,80,Yellow
1030,1874,1965,77,Yellow
1025,1937,2017,79,Yellow
1098,2169,2368,90,Yellow
1288,2376,2352,94,Yellow
1143,2099,2143,89,Yellow
1105,2051,2076,83,Yellow
1058,1985,2054,78,Yellow
1018,1835,2032,69,Yellow
1021,1863,2041,72,Yellow
1039,1936,1961,78,Yellow
1233,1990,2036,79,Yellow
1191,2105,2200,83,Yellow
1305,2152,2047,80,Yellow
1164,1856,2023,76,Yellow
1075,1708,1826,68,Yellow
1036,1674,2287,70,Yellow
1221,2190,2487,79,Yellow
1288,2439,2672,104,Yellow
1483,2716,2743,109,Yellow
1440,2676,2530,104,Yellow
1418,2463,2430,98,Yellow
1303,2060,2108,79,Yellow
996,1507,1698,56,Yellow
1003,1431,1591,51,Yellow
1001,1670,1961,68,Yellow
1300,2255,2556,112,Yellow
1255,2254,2356,158,Yellow
1267,2317,2552,107,Yellow
1219,1881,2158,65,Yellow
1107,1866,2344,68,Yellow
1222,2364,2324,75,Yellow
1241,2349,2161,81,Yellow
1197,1783,1820,67,Yellow
873,1393,1491,49,Yellow
1067,1664,1699,60,Yellow
973,1730,1738,73,Yellow
905,1614,1677,74,Yellow
936,1712,1783,77,Yellow
1053,1924,1958,89,Yellow
1105,2017,2070,98,Yellow
1203,2168,2291,112,Yellow
1379,2445,2633,115,Yellow
1324,2291,2387,112,Yellow
1135,2024,2211,111,Yellow
1104,1973,2124,107,Yellow
1081,2064,2122,97,Yellow
1073,2122,2072,94,Yellow
1075,2024,2108,102,Yellow
1145,2231,2285,105,Yellow
1336,2482,2522,121,Yellow
1384,2549,2572,116,Yellow
1469,2611,2397,103,Yellow
1312,2244,2193,94,Yellow
1214,2207,2198,103,Yellow
1245,2318,2339,103,Yellow
1245,2155,2272,105,Yellow
1250,2155,2256,105,Yellow
1254,2126,2213,100,Yellow
1250,2188,2305,99,Yellow
1342,2211,2351,87,Yellow
1268,2087,2273,90,Yellow
1472,2500,2596,93,Yellow
1454,2342,2217,83,Yellow
1195,1847,1932,73,Yellow
1036,1682,1819,73,Yellow
946,1483,1668,61,Yellow
979,1541,1647,62,Yellow
965,1614,1650,55,Yellow
989,1763,1791,68,Yellow
1000,1639,1791,73,Yellow
1010,1677,1818,75,Yellow
1059,1704,2123,72,Yellow
1136,1878,2265,78,Yellow
1215,1931,2478,77,Yellow
1181,1984,2290,79,Yellow
1209,2061,2394,89,Yellow
1240,2168,2228,88,Yellow
1071,1864,2003,73,Yellow
1000,1983,1937,68,Yellow
984,1761,1928,66,Yellow
903,1461,1662,51,Yellow
840,1586,1713,63,Yellow
905,1638,1817,62,Yellow
909,1641,1915,58,Yellow
1058,2027,2119,82,Yellow
1061,2052,2149,100,Yellow
1125,2176,2138,108,Yellow
1203,2137,2145,111,Yellow
1196,2141,2166,117,Yellow
1157,2200,2240,113,Yellow
1155,2212,2298,120,Yellow
1205,2293,2336,143,Yellow
1311,2428,2459,165,Yellow
1383,2510,2470,158,Yellow
1314,2374,2395,147,Yellow
1245,2235,2387,135,Yellow
1250,2239,2344,137,Yellow
1237,2189,2333,134,Yellow
1204,2223,2414,132,Yellow
1210,2186,2304,135,Yellow
1194,2221,2399,139,Yellow
1256,2376,2551,147,Yellow
1378,2593,2555,149,Yellow
1344,2513,2521,134,Yellow
1251,2310,2191,122,Yellow
1182,1899,1827,72,Yellow
1019,1496,1536,52,Yellow
769,1205,1347,37,Yellow
720,1385,1767,25,Yellow
892,1606,1812,33,Yellow
896,1603,1975,31,Yellow
883,1606,1882,23,Yellow
935,1596,1640,41,Yellow
1025,1928,2114,96,Yellow
1251,2322,2377,147,Yellow
1326,2493,2474,145,Yellow
1403,2556,2614,150,Yellow
1479,2678,2873,149,Yellow
1595,2878,3125,165,Yellow
1730,3352,3357,157,Yellow
1855,3366,3218,153,Yellow
1812,3121,2979,152,Yellow
1658,2844,3048,142,Yellow
1616,2788,3024,139,Yellow
1707,3187,3088,110,Yellow
1422,2539,2569,100,Yellow
1351,2480,2474,98,Yellow
1278,2429,2433,113,Yellow
1348,2502,2542,123,Yellow
1497,2693,2699,128,Yellow
1552,2583,2495,114,Yellow
1395,2346,2411,112,Yellow
1270,2175,2237,107,Yellow
1199,2061,2216,95,Yellow
1292,2158,2258,95,Yellow
1314,2171,2249,101,Yellow
1235,2170,2240,116,Yellow
1234,2189,2281,119,Yellow
1268,2303,2389,112,Yellow
1340,2319,2406,108,Yellow
1360,2310,2348,103,Yellow
1252,2100,2129,100,Yellow
1171,2006,2392,100,Yellow
1168,2044,2349,103,Yellow
1193,2102,2353,103,Yellow
1147,2018,2254,102,Yellow
1140,2225,2246,110,Yellow
1181,2342,2312,108,Yellow
1232,2356,2394,104,Yellow
1269,2358,2343,99,Yellow
1336,2332,2160,98,Yellow
1159,1974,1967,89,Yellow
1128,1931,1953,93,Yellow
1153,2117,2184,108,Yellow
1209,2195,2228,121,Yellow
1273,2365,2362,138,Yellow
1278,2266,2302,129,Yellow
1204,2061,2083,102,Yellow
1123,1820,1866,78,Yellow
993,1488,2011,57,Yellow
808,1183,1296,45,Yellow
707,1042,1234,38,Yellow
745,1259,1594,61,Yellow
1110,1980,2158,106,Yellow
1224,2188,2288,126,Yellow
1339,2451,2554,142,Yellow
1298,2145,2260,110,Yellow
1155,1767,1990,62,Yellow
767,1116,1648,35,Yellow
948,1633,1846,30,Yellow
686,1236,1753,58,Yellow
1021,1900,2338,94,Yellow
1175,2041,2210,96,Yellow
1071,1869,2148,89,Yellow
1005,1808,2062,81,Yellow
1059,1872,2200,86,Yellow
1151,1987,2255,90,Yellow
1092,1829,2080,80,Yellow
1010,1814,1949,78,Yellow
1001,1976,1891,71,Yellow
962,1782,1850,60,Yellow
929,1770,1944,72,Yellow
1054,1914,1990,72,Yellow
996,1770,1863,68,Yellow
991,1825,1836,69,Yellow
1132,1990,2039,73,Yellow
1241,2058,1977,72,Yellow
1111,1951,1900,73,Yellow
1090,1798,1928,78,Yellow
1043,1659,1750,69,Yellow
1021,1595,1719,61,Yellow
1003,1741,1926,77,Yellow
1080,1647,1737,64,Yellow
895,1417,1550,52,Yellow
894,1353,1522,50,Yellow
871,1308,1537,48,Yellow
841,1233,1440,42,Yellow
822,1242,1529,51,Yellow
942,1618,1717,62,Yellow
1061,1750,1901,73,Yellow
1000,1583,1832,63,Yellow
1116,1790,2006,76,Yellow
1168,1824,1957,73,Yellow
1132,1881,2150,78,Yellow
1275,2120,2498,85,Yellow
1264,2110,2455,78,Yellow
1324,2404,2550,77,Yellow
1301,2317,2285,73,Yellow
1284,2009,2081,64,Yellow
1202,1847,1947,74,Yellow
1102,1888,1873,78,Yellow
1039,1711,1663,72,Yellow
926,1585,1608,65,Yellow
993,1672,1719,76,Yellow
1051,1796,1852,82,Yellow
1156,1962,2037,87,Yellow
1227,2175,2206,91,Yellow
1316,2276,2258,109,Yellow
1185,2145,2134,115,Yellow
1191,2071,2087,105,Yellow
1159,2043,2134,105,Yellow
1204,2152,2378,124,Yellow
1160,2065,2235,107,Yellow
1163,2066,2350,91,Yellow
1187,2082,2397,88,Yellow
1208,2128,2296,84,Yellow
1120,2001,2489,89,Yellow
1198,2221,2212,79,Yellow
1044,2119,2109,77,Yellow
1088,1979,2100,74,Yellow
1071,2027,2073,83,Yellow
1008,1963,2163,73,Yellow
1087,1836,1769,71,Yellow
1145,1799,1776,68,Yellow
1160,1926,1988,67,Yellow
1002,1452,1498,50,Yellow
1056,1552,1695,61,Yellow
1111,1937,1996,80,Yellow
1231,2185,2323,126,Yellow
1290,2337,2390,152,Yellow
1274,2270,2311,135,Yellow
1245,2180,2379,113,Yellow
1149,1964,2206,91,Yellow
1095,1912,2198,85,Yellow
1110,1940,2174,90,Yellow
1115,2156,2233,85,Yellow
1113,2079,2193,85,Yellow
1134,2145,2285,85,Yellow
1087,2029,1987,74,Yellow
1238,1936,1982,76,Yellow
1185,1961,1992,79,Yellow
1133,1865,2031,68,Yellow
1351,2297,2327,96,Yellow
1341,2291,2412,104,Yellow
1355,2247,2245,112,Yellow
1188,2048,2194,103,Yellow
1272,2258,2680,108,Yellow
1321,2260,2580,99,Yellow
1237,2040,2308,92,Yellow
1124,1988,2273,96,Yellow
1168,2089,2363,102,Yellow
1188,2125,2419,94,Yellow
1280,2496,2446,97,Yellow
1282,2373,2501,99,Yellow
1279,2348,2422,101,Yellow
1358,2410,2480,106,Yellow
1381,2223,2390,89,Yellow
1421,2341,2483,95,Yellow
1407,2249,2372,84,Yellow
1313,2171,2481,95,Yellow
1306,2182,2423,105,Yellow
1203,2018,2264,101,Yellow
1117,2018,2278,113,Yellow
1173,2103,2284,111,Yellow
1149,2138,2284,113,Yellow
1191,2220,2350,98,Yellow
1270,2362,2528,90,Yellow
1373,2384,2400,88,Yellow
1399,2381,2412,83,Yellow
1462,2539,2537,93,Yellow
1446,2396,2478,90,Yellow
1293,2020,2140,81,Yellow
1234,2146,2233,97,Yellow
1248,2148,2218,107,Yellow
1181,2077,2170,114,Yellow
1220,2229,2351,125,Yellow
1369,2374,2525,134,Yellow
1237,2184,2341,134,Yellow
1204,2205,2457,131,Yellow
1299,2310,2420,135,Yellow
1311,2343,2626,120,Yellow
1206,2088,2268,120,Yellow
1167,2122,2285,122,Yellow
1200,2267,2522,129,Yellow
1322,2345,2342,130,Yellow
1201,2208,2326,133,Yellow
1237,2358,2531,128,Yellow
1328,2397,2546,132,Yellow
1283,2332,2533,128,Yellow
1293,2433,2339,115,Yellow
1162,2205,2267,85,Yellow
1030,1924,1957,64,Yellow
1024,1922,2092,60,Yellow
967,1829,2008,59,Yellow
1029,1801,1920,60,Yellow
1028,1695,1781,56,Yellow
1136,1755,2051,61,Yellow
1388,2209,2249,75,Yellow
1068,1662,1584,53,Yellow
973,1719,1798,67,Yellow
1082,1769,1836,77,Yellow
1064,1889,2014,78,Yellow
1295,2036,1997,75,Yellow
1071,1879,1917,83,Yellow
1056,1885,1896,80,Yellow
1158,1942,1933,89,Yellow
1105,1933,2047,95,Yellow
1124,1922,2021,99,Yellow
1234,2022,2424,88,Yellow
1061,1674,1981,74,Yellow
938,1523,2064,68,Yellow
995,1502,1899,53,Yellow
988,1403,1908,52,Yellow
733,1126,1531,49,Yellow
733,1186,1773,58,Yellow
887,1544,2225,75,Yellow
1045,1923,2258,101,Yellow
1148,2052,2286,110,Yellow
1154,2035,2204,106,Yellow
1063,1934,2171,105,Yellow
1176,2314,2371,116,Yellow
1127,2117,2174,86,Yellow
1242,2258,2172,85,Yellow
1355,2150,2259,82,Yellow
1260,1989,2027,76,Yellow
1218,2037,2195,88,Yellow
1381,2329,2103,91,Yellow
1235,2126,2397,93,Yellow
1261,1943,2094,79,Yellow
1241,2012,2146,80,Yellow
1264,1986,2229,76,Yellow
1272,2039,2392,89,Yellow
1178,2013,2298,92,Yellow
1183,2068,2318,91,Yellow
1248,2392,2446,100,Yellow
1275,2328,2318,99,Yellow
1164,2143,2227,94,Yellow
1111,2012,2017,86,Yellow
1118,1969,2046,88,Yellow
1183,2061,2071,84,Yellow
1238,2253,2448,84,Yellow
1473,2375,2430,85,Yellow
1196,1898,2381,78,Yellow
1033,1655,2043,76,Yellow
1066,1752,1878,79,Yellow
1047,1660,1852,73,Yellow
1102,1895,2361,82,Yellow
1259,1946,2366,75,Yellow
1167,2030,2511,77,Yellow
1267,2041,2306,76,Yellow
1076,1751,2040,68,Yellow
918,1622,1888,69,Yellow
941,1875,2053,84,Yellow
1089,2206,2161,88,Yellow
1180,2255,2248,104,Yellow
1330,2254,2262,89,Yellow
1368,2331,2303,93,Yellow
1266,2039,2120,78,Yellow
1132,1924,1880,75,Yellow
1051,1782,1850,72,Yellow
1031,1745,1866,74,Yellow
1054,1773,1740,76,Yellow
1115,1978,2143,93,Yellow
1229,2074,2312,86,Yellow
1459,2673,3160,130,Yellow
1730,3090,3063,120,Yellow
1390,2357,2360,90,Yellow
1128,1998,2000,83,Yellow
1008,1829,2000,73,Yellow
1063,2095,2151,94,Yellow
1139,2159,2254,97,Yellow
1223,2282,2414,106,Yellow
1572,2730,2703,117,Yellow
1494,2586,2508,115,Yellow
1358,2316,2680,112,Yellow
1324,2192,2407,93,Yellow
1235,2218,2560,88,Yellow
1376,2291,2549,93,Yellow
1260,2334,2326,88,Yellow
1278,2382,2290,95,Yellow
1300,2237,2155,95,Yellow
1252,2319,2333,104,Yellow
1341,2394,2590,107,Yellow
1457,2685,3317,106,Yellow
2020,3147,3045,103,Yellow
1281,2347,2254,83,Yellow
1171,2354,2295,98,Yellow
1180,2194,2348,97,Yellow
1350,2572,2600,110,Yellow
1341,2432,2472,106,Yellow
1206,2177,2173,95,Yellow
1176,1968,1940,71,Yellow
1225,2013,2025,81,Yellow
1273,2147,2128,85,Yellow
1343,2411,2415,96,Yellow
1328,2096,2194,78,Yellow
1253,2041,2183,83,Yellow
1213,1932,2205,73,Yellow
1322,2218,2688,78,Yellow
1336,2418,3012,84,Yellow
1401,2318,2791,79,Yellow
1162,2177,2077,62,Yellow
1038,1753,1895,57,Yellow
931,1588,1871,54,Yellow
914,1584,1624,54,Yellow
858,1675,1795,59,Yellow
848,1533,1523,50,Yellow
672,1188,1403,42,Yellow
741,1252,1558,54,Yellow
817,1392,1742,62,Yellow
946,1660,2025,79,Yellow
1134,2129,2183,101,Yellow
1097,2077,2055,101,Yellow
1178,2213,2266,100,Yellow
1259,2129,2122,82,Yellow
1183,1999,2083,80,Yellow
1350,2189,2206,85,Yellow
1357,1929,1808,64,Yellow
871,1339,1453,32,Yellow
760,1279,1742,37,Yellow
778,1300,1749,34,Yellow
723,1221,1431,34,Yellow
736,1184,1714,34,Yellow
795,1297,1610,33,Yellow
735,1386,2045,33,Yellow
961,1471,1721,30,Yellow
713,1290,1839,34,Yellow
857,1324,1720,33,Yellow
712,1185,1510,34,Yellow
817,1315,1684,34,Yellow
1103,2189,2365,37,Yellow
902,1450,1714,36,Yellow
724,1163,1294,38,Yellow
677,1260,1428,40,Yellow
687,1283,1752,35,Yellow
772,1332,1748,32,Yellow
787,1418,1810,30,Yellow
765,1513,1761,33,Yellow
732,1385,1646,47,Yellow
850,1464,1676,54,Yellow
828,1532,1629,54,Yellow
766,1471,1552,43,Yellow
807,1393,1738,49,Yellow
806,1501,1716,47,Yellow
784,1466,1614,42,Yellow
762,1431,1406,43,Yellow
790,1387,1541,46,Yellow
751,1437,1581,45,Yellow
779,1388,1582,46,Yellow
