Red,Green,Blue,Clear,Distance_mm,Timestamp
125,142,118,213,36,2026-01-21 10:24:41.081
100,117,93,190,34,2026-01-21 10:24:41.223
144,165,137,239,32,2026-01-21 10:24:41.367
140,164,134,241,26,2026-01-21 10:24:41.510
108,132,102,213,28,2026-01-21 10:24:41.653
165,195,159,278,27,2026-01-21 10:24:41.796
162,197,157,284,25,2026-01-21 10:24:41.939
118,152,113,242,24,2026-01-21 10:24:42.082
172,208,167,294,25,2026-01-21 10:24:42.225
166,203,161,290,24,2026-01-21 10:24:42.368
125,164,121,257,22,2026-01-21 10:24:42.511
207,254,202,352,21,2026-01-21 10:24:42.653
231,291,227,404,22,2026-01-21 10:24:42.797
162,221,159,339,21,2026-01-21 10:24:42.940
243,305,240,418,20,2026-01-21 10:24:43.083
251,315,247,432,22,2026-01-21 10:24:43.226
158,209,155,314,20,2026-01-21 10:24:43.391
94,142,92,337,23,2026-01-21 10:24:43.511
231,286,227,388,24,2026-01-21 10:24:43.655
153,200,150,297,21,2026-01-21 10:24:43.797
95,150,94,261,22,2026-01-21 10:24:43.940
242,303,240,413,24,2026-01-21 10:24:44.084
231,307,231,442,24,2026-01-21 10:24:44.227
100,166,100,296,24,2026-01-21 10:24:44.370
303,378,302,510,27,2026-01-21 10:24:44.512
252,323,252,454,21,2026-01-21 10:24:44.656
102,161,101,284,24,2026-01-21 10:24:44.799
258,320,255,434,21,2026-01-21 10:24:44.942
204,265,202,378,31,2026-01-21 10:24:45.085
144,244,148,420,26,2026-01-21 10:24:45.228
328,408,328,546,23,2026-01-21 10:24:45.371
160,195,155,277,30,2026-01-21 10:24:45.514
98,124,93,198,30,2026-01-21 10:24:45.656
165,197,160,275,24,2026-01-21 10:24:45.800
183,226,179,318,21,2026-01-21 10:24:45.943
145,211,144,338,24,2026-01-21 10:24:46.086
305,373,302,498,22,2026-01-21 10:24:46.229
239,294,234,403,21,2026-01-21 10:24:46.372
170,238,168,374,25,2026-01-21 10:24:46.515
358,431,355,571,39,2026-01-21 10:24:46.658
460,558,464,741,23,2026-01-21 10:24:46.801
315,458,321,708,36,2026-01-21 10:24:46.944
512,615,517,803,35,2026-01-21 10:24:47.087
423,511,426,674,25,2026-01-21 10:24:47.230
332,461,339,682,23,2026-01-21 10:24:47.373
573,696,580,907,36,2026-01-21 10:24:47.516
544,655,551,843,27,2026-01-21 10:24:47.659
359,478,365,683,36,2026-01-21 10:24:47.802
118,206,120,368,36,2026-01-21 10:24:47.945
474,566,479,729,36,2026-01-21 10:24:48.088
365,466,371,640,24,2026-01-21 10:24:48.231
142,282,150,514,24,2026-01-21 10:24:48.374
580,698,586,907,31,2026-01-21 10:24:48.517
303,380,305,522,28,2026-01-21 10:24:48.660
107,180,107,321,30,2026-01-21 10:24:48.803
396,481,399,632,30,2026-01-21 10:24:48.946
426,544,433,747,27,2026-01-21 10:24:49.089
151,272,158,479,25,2026-01-21 10:24:49.231
598,759,609,1039,22,2026-01-21 10:24:49.375
476,612,483,847,31,2026-01-21 10:24:49.518
168,264,172,437,33,2026-01-21 10:24:49.661
447,538,453,699,34,2026-01-21 10:24:49.804
449,567,457,762,33,2026-01-21 10:24:49.947
217,350,224,572,28,2026-01-21 10:24:50.090
560,685,568,896,34,2026-01-21 10:24:50.233
473,575,479,752,26,2026-01-21 10:24:50.376
173,242,172,375,24,2026-01-21 10:24:50.519
308,373,305,492,22,2026-01-21 10:24:50.661
235,286,230,389,26,2026-01-21 10:24:50.805
199,275,198,421,37,2026-01-21 10:24:50.948
555,658,562,840,24,2026-01-21 10:24:51.091
332,396,327,527,26,2026-01-21 10:24:51.233
228,297,224,447,22,2026-01-21 10:24:51.377
597,711,599,929,27,2026-01-21 10:24:51.519
581,713,585,952,25,2026-01-21 10:24:51.663
355,459,357,658,37,2026-01-21 10:24:51.806
510,223,132,778,34,2026-01-21 10:24:51.949
433,518,436,673,35,2026-01-21 10:24:52.092
277,360,278,511,23,2026-01-21 10:24:52.234
147,286,153,519,36,2026-01-21 10:24:52.378
551,656,559,836,30,2026-01-21 10:24:52.521
280,355,280,495,25,2026-01-21 10:24:52.663
160,329,170,604,24,2026-01-21 10:24:52.807
593,777,606,1092,23,2026-01-21 10:24:52.950
444,618,456,912,25,2026-01-21 10:24:53.092
139,268,145,486,27,2026-01-21 10:24:53.236
557,671,565,865,36,2026-01-21 10:24:53.379
364,454,367,616,38,2026-01-21 10:24:53.522
159,274,165,472,30,2026-01-21 10:24:53.665
559,673,567,867,39,2026-01-21 10:24:53.808
391,483,396,648,33,2026-01-21 10:24:53.951
166,253,169,416,39,2026-01-21 10:24:54.093
547,650,554,830,37,2026-01-21 10:24:54.237
441,538,447,711,34,2026-01-21 10:24:54.380
224,335,229,530,39,2026-01-21 10:24:54.523
541,646,549,827,24,2026-01-21 10:24:54.665
529,669,537,909,21,2026-01-21 10:24:54.809
272,418,279,663,30,2026-01-21 10:24:54.952
564,675,571,865,33,2026-01-21 10:24:55.095
394,473,396,616,36,2026-01-21 10:24:55.238
259,353,262,524,39,2026-01-21 10:24:55.381
511,609,516,784,31,2026-01-21 10:24:55.524
527,644,534,844,28,2026-01-21 10:24:55.666
232,309,231,455,24,2026-01-21 10:24:55.809
301,367,297,491,25,2026-01-21 10:24:55.953
330,403,328,539,35,2026-01-21 10:24:56.096
361,491,367,714,24,2026-01-21 10:24:56.239
145,261,147,971,36,2026-01-21 10:24:56.382
463,547,464,713,38,2026-01-21 10:24:56.524
369,460,370,643,26,2026-01-21 10:24:56.668
161,276,162,497,25,2026-01-21 10:24:56.810
612,716,614,927,39,2026-01-21 10:24:56.953
418,510,420,694,33,2026-01-21 10:24:57.096
127,197,124,346,26,2026-01-21 10:24:57.239
359,426,356,557,38,2026-01-21 10:24:57.382
354,439,357,596,34,2026-01-21 10:24:57.525
139,225,140,388,36,2026-01-21 10:24:57.668
467,549,470,701,38,2026-01-21 10:24:57.812
441,542,447,721,25,2026-01-21 10:24:57.954
188,306,193,513,25,2026-01-21 10:24:58.098
612,731,617,948,23,2026-01-21 10:24:58.240
512,627,518,834,25,2026-01-21 10:24:58.383
240,400,250,666,22,2026-01-21 10:24:58.527
595,711,601,924,36,2026-01-21 10:24:58.670
452,542,456,706,36,2026-01-21 10:24:58.812
212,304,216,473,31,2026-01-21 10:24:58.955
543,653,551,840,24,2026-01-21 10:24:59.098
529,678,537,930,25,2026-01-21 10:24:59.241
287,445,297,709,23,2026-01-21 10:24:59.384
584,742,595,1020,24,2026-01-21 10:24:59.528
552,705,563,975,24,2026-01-21 10:24:59.671
320,453,329,691,23,2026-01-21 10:24:59.813
604,761,616,1049,28,2026-01-21 10:24:59.957
319,582,341,1001,24,2026-01-21 10:25:00.100
358,556,375,882,25,2026-01-21 10:25:00.243
552,743,198,1070,29,2026-01-21 10:25:00.386
449,641,461,998,23,2026-01-21 10:25:00.529
410,572,422,856,23,2026-01-21 10:25:00.671
192,413,208,768,30,2026-01-21 10:25:00.815
331,567,347,960,31,2026-01-21 10:25:00.958
282,527,299,921,27,2026-01-21 10:25:01.101
176,361,188,666,25,2026-01-21 10:25:01.243
579,712,584,954,24,2026-01-21 10:25:01.386
446,567,450,794,21,2026-01-21 10:25:01.529
152,264,155,481,23,2026-01-21 10:25:01.673
623,730,626,955,34,2026-01-21 10:25:01.816
353,411,351,562,30,2026-01-21 10:25:01.959
151,162,141,277,39,2026-01-21 10:25:02.101
192,200,182,312,33,2026-01-21 10:25:02.244
190,201,180,318,30,2026-01-21 10:25:02.388
159,171,149,292,31,2026-01-21 10:25:02.530
215,229,205,346,30,2026-01-21 10:25:02.674
201,216,191,328,33,2026-01-21 10:25:02.817
163,175,153,287,31,2026-01-21 10:25:02.960
211,224,200,334,35,2026-01-21 10:25:03.103
194,208,184,313,30,2026-01-21 10:25:03.246
154,171,144,273,31,2026-01-21 10:25:03.390
199,218,189,316,33,2026-01-21 10:25:03.531
183,199,174,295,35,2026-01-21 10:25:03.674
146,159,136,252,37,2026-01-21 10:25:03.817
171,184,162,275,39,2026-01-21 10:25:03.960
167,180,158,270,34,2026-01-21 10:25:04.104
145,160,136,252,34,2026-01-21 10:25:04.246
177,194,169,284,38,2026-01-21 10:25:04.389
166,179,157,266,35,2026-01-21 10:25:04.532
142,154,133,242,36,2026-01-21 10:25:04.675
118,131,109,270,34,2026-01-21 10:25:04.818
173,190,164,278,31,2026-01-21 10:25:04.961
149,170,142,257,30,2026-01-21 10:25:05.104
106,128,99,214,30,2026-01-21 10:25:05.247
179,205,172,288,25,2026-01-21 10:25:05.390
158,188,152,274,26,2026-01-21 10:25:05.533
101,134,96,226,23,2026-01-21 10:25:05.676
221,259,215,350,24,2026-01-21 10:25:05.819
188,226,182,318,27,2026-01-21 10:25:05.962
107,139,101,230,23,2026-01-21 10:25:06.105
210,245,203,333,24,2026-01-21 10:25:06.248
182,217,176,308,23,2026-01-21 10:25:06.391
118,152,112,247,24,2026-01-21 10:25:06.534
213,247,206,337,26,2026-01-21 10:25:06.677
187,221,180,310,24,2026-01-21 10:25:06.820
125,160,119,254,22,2026-01-21 10:25:06.963
250,295,244,393,25,2026-01-21 10:25:07.107
302,371,299,503,37,2026-01-21 10:25:07.249
223,316,225,490,37,2026-01-21 10:25:07.392
473,556,476,712,37,2026-01-21 10:25:07.535
419,500,422,653,37,2026-01-21 10:25:07.678
239,319,239,478,25,2026-01-21 10:25:07.822
318,379,314,504,21,2026-01-21 10:25:07.965
237,280,232,388,23,2026-01-21 10:25:08.107
164,205,160,322,21,2026-01-21 10:25:08.250
255,299,251,415,21,2026-01-21 10:25:08.394
262,310,259,434,23,2026-01-21 10:25:08.536
203,257,202,394,22,2026-01-21 10:25:08.679
246,291,100,404,27,2026-01-21 10:25:08.822
178,204,172,293,29,2026-01-21 10:25:08.965
135,160,129,244,28,2026-01-21 10:25:09.108
97,122,91,203,31,2026-01-21 10:25:09.251
164,188,157,265,34,2026-01-21 10:25:09.394
129,148,122,220,37,2026-01-21 10:25:09.537
96,111,89,180,39,2026-01-21 10:25:09.680
136,152,129,219,37,2026-01-21 10:25:09.823
127,145,120,214,33,2026-01-21 10:25:09.966
95,115,89,187,32,2026-01-21 10:25:10.109
152,173,145,245,36,2026-01-21 10:25:10.253
130,149,123,218,33,2026-01-21 10:25:10.395
97,116,91,187,33,2026-01-21 10:25:10.538
151,172,144,242,32,2026-01-21 10:25:10.681
141,163,135,236,32,2026-01-21 10:25:10.824
100,120,94,191,35,2026-01-21 10:25:10.967
146,165,139,235,33,2026-01-21 10:25:11.110
145,169,139,242,31,2026-01-21 10:25:11.253
103,124,97,196,34,2026-01-21 10:25:11.396
150,171,144,242,34,2026-01-21 10:25:11.540
143,165,137,236,30,2026-01-21 10:25:11.682
109,131,103,203,32,2026-01-21 10:25:11.825
157,180,151,251,31,2026-01-21 10:25:11.968
155,180,149,254,29,2026-01-21 10:25:12.112
120,146,115,223,29,2026-01-21 10:25:12.254
178,207,172,284,27,2026-01-21 10:25:12.397
176,206,170,285,31,2026-01-21 10:25:12.540
127,154,122,233,25,2026-01-21 10:25:12.683
183,214,177,294,26,2026-01-21 10:25:12.826
181,212,175,293,27,2026-01-21 10:25:12.969
134,162,128,241,29,2026-01-21 10:25:13.112
167,120,90,271,31,2026-01-21 10:25:13.255
170,197,164,276,26,2026-01-21 10:25:13.398
143,172,137,258,25,2026-01-21 10:25:13.541
99,132,95,227,23,2026-01-21 10:25:13.684
239,283,234,384,23,2026-01-21 10:25:13.827
202,251,199,363,22,2026-01-21 10:25:13.970
104,150,102,266,21,2026-01-21 10:25:14.113
230,272,226,373,26,2026-01-21 10:25:14.256
156,187,152,279,27,2026-01-21 10:25:14.399
95,120,91,206,31,2026-01-21 10:25:14.542
157,180,151,258,35,2026-01-21 10:25:14.685
127,146,121,217,40,2026-01-21 10:25:14.828
94,110,88,178,41,2026-01-21 10:25:14.971
130,146,123,211,38,2026-01-21 10:25:15.114
123,140,116,206,37,2026-01-21 10:25:15.257
97,116,91,184,35,2026-01-21 10:25:15.400
143,164,137,232,40,2026-01-21 10:25:15.543
124,141,118,206,44,2026-01-21 10:25:15.686
96,109,89,172,43,2026-01-21 10:25:15.829
120,134,114,196,42,2026-01-21 10:25:15.972
116,130,110,192,40,2026-01-21 10:25:16.115
98,112,91,174,37,2026-01-21 10:25:16.258
127,143,121,208,36,2026-01-21 10:25:16.401
132,151,127,220,36,2026-01-21 10:25:16.544
103,120,98,189,39,2026-01-21 10:25:16.687
120,134,115,202,43,2026-01-21 10:25:16.830
114,126,109,194,44,2026-01-21 10:25:16.973
99,112,94,180,46,2026-01-21 10:25:17.116
117,130,112,198,42,2026-01-21 10:25:17.259
119,133,114,200,41,2026-01-21 10:25:17.402
107,122,101,191,38,2026-01-21 10:25:17.545
87,104,82,220,36,2026-01-21 10:25:17.688
140,159,134,229,32,2026-01-21 10:25:17.832
123,145,118,217,38,2026-01-21 10:25:17.974
89,107,83,177,38,2026-01-21 10:25:18.117
137,155,131,224,35,2026-01-21 10:25:18.260
123,142,117,213,36,2026-01-21 10:25:18.404
91,110,85,182,33,2026-01-21 10:25:18.546
151,173,145,247,33,2026-01-21 10:25:18.689
137,161,131,238,30,2026-01-21 10:25:18.832
96,120,91,204,29,2026-01-21 10:25:18.975
168,194,163,283,26,2026-01-21 10:25:19.118
158,187,154,285,25,2026-01-21 10:25:19.261
110,141,108,250,27,2026-01-21 10:25:19.404
189,222,187,330,28,2026-01-21 10:25:19.547
160,189,157,290,27,2026-01-21 10:25:19.690
107,131,104,225,28,2026-01-21 10:25:19.833
158,182,155,273,31,2026-01-21 10:25:19.976
148,172,144,261,27,2026-01-21 10:25:20.119
115,148,112,246,22,2026-01-21 10:25:20.262
215,258,212,361,22,2026-01-21 10:25:20.405
218,265,216,373,23,2026-01-21 10:25:20.548
127,162,125,266,23,2026-01-21 10:25:20.691
189,225,187,323,27,2026-01-21 10:25:20.834
181,216,178,312,27,2026-01-21 10:25:20.977
126,157,123,250,25,2026-01-21 10:25:21.120
178,211,175,300,27,2026-01-21 10:25:21.263
167,199,164,288,27,2026-01-21 10:25:21.406
122,151,120,243,29,2026-01-21 10:25:21.549
153,181,85,266,24,2026-01-21 10:25:21.692
167,199,163,283,24,2026-01-21 10:25:21.835
146,185,143,277,23,2026-01-21 10:25:21.978
95,133,91,228,25,2026-01-21 10:25:22.121
179,212,174,293,29,2026-01-21 10:25:22.264
137,164,131,244,27,2026-01-21 10:25:22.407
94,117,88,195,31,2026-01-21 10:25:22.550
146,166,140,239,42,2026-01-21 10:25:22.693
128,143,120,216,40,2026-01-21 10:25:22.836
104,117,96,193,38,2026-01-21 10:25:22.979
149,163,140,241,37,2026-01-21 10:25:23.122
138,151,130,231,38,2026-01-21 10:25:23.265
114,127,105,210,35,2026-01-21 10:25:23.408
160,175,151,258,33,2026-01-21 10:25:23.551
154,172,146,259,31,2026-01-21 10:25:23.694
122,140,113,230,30,2026-01-21 10:25:23.837
172,192,164,280,32,2026-01-21 10:25:23.980
156,173,147,258,36,2026-01-21 10:25:24.123
124,140,115,225,35,2026-01-21 10:25:24.266
164,181,155,265,36,2026-01-21 10:25:24.409
154,170,145,253,37,2026-01-21 10:25:24.552
125,139,115,221,34,2026-01-21 10:25:24.695
158,174,149,256,34,2026-01-21 10:25:24.838
156,172,147,255,33,2026-01-21 10:25:24.981
133,152,124,239,30,2026-01-21 10:25:25.124
180,202,171,293,25,2026-01-21 10:25:25.267
196,225,188,326,22,2026-01-21 10:25:25.410
162,195,155,306,22,2026-01-21 10:25:25.553
235,272,227,385,22,2026-01-21 10:25:25.696
255,301,248,420,23,2026-01-21 10:25:25.839
176,217,170,331,22,2026-01-21 10:25:25.983
220,147,106,366,23,2026-01-21 10:25:26.125
213,252,207,355,37,2026-01-21 10:25:26.268
128,140,120,220,48,2026-01-21 10:25:26.411
107,109,97,184,54,2026-01-21 10:25:26.554
119,122,109,195,49,2026-01-21 10:25:26.697
112,117,103,189,50,2026-01-21 10:25:26.840
101,105,92,177,47,2026-01-21 10:25:26.983
117,122,108,193,45,2026-01-21 10:25:27.126
109,116,101,185,45,2026-01-21 10:25:27.269
94,101,87,170,47,2026-01-21 10:25:27.412
113,120,105,188,52,2026-01-21 10:25:27.555
103,110,96,174,51,2026-01-21 10:25:27.698
91,97,83,159,54,2026-01-21 10:25:27.841
104,111,96,170,58,2026-01-21 10:25:27.984
98,105,91,161,57,2026-01-21 10:25:28.127
90,96,82,152,54,2026-01-21 10:25:28.270
101,107,93,163,59,2026-01-21 10:25:28.413
98,104,91,160,58,2026-01-21 10:25:28.556
92,97,84,153,62,2026-01-21 10:25:28.699
100,105,92,160,65,2026-01-21 10:25:28.842
97,102,89,157,66,2026-01-21 10:25:28.985
91,96,83,150,65,2026-01-21 10:25:29.128
98,103,90,158,71,2026-01-21 10:25:29.271
97,101,89,156,69,2026-01-21 10:25:29.414
92,96,84,152,69,2026-01-21 10:25:29.557
98,102,89,157,69,2026-01-21 10:25:29.700
97,101,89,156,69,2026-01-21 10:25:29.843
93,97,85,152,73,2026-01-21 10:25:29.986
97,101,89,156,75,2026-01-21 10:25:30.129
97,101,89,155,78,2026-01-21 10:25:30.272
93,97,85,152,75,2026-01-21 10:25:30.415
91,94,83,157,72,2026-01-21 10:25:30.558
98,102,90,157,68,2026-01-21 10:25:30.701
93,98,85,152,57,2026-01-21 10:25:30.844
85,91,78,144,60,2026-01-21 10:25:30.987
96,103,89,155,51,2026-01-21 10:25:31.130
90,98,84,151,43,2026-01-21 10:25:31.273
77,88,72,143,42,2026-01-21 10:25:31.416
102,114,97,172,43,2026-01-21 10:25:31.559
95,109,91,168,45,2026-01-21 10:25:31.702
77,89,72,148,45,2026-01-21 10:25:31.845
101,112,95,168,45,2026-01-21 10:25:31.988
95,103,88,158,47,2026-01-21 10:25:32.131
87,95,80,151,42,2026-01-21 10:25:32.274
111,119,103,177,43,2026-01-21 10:25:32.417
111,119,103,180,42,2026-01-21 10:25:32.560
102,111,93,176,42,2026-01-21 10:25:32.703
127,136,118,202,42,2026-01-21 10:25:32.846
128,139,119,208,42,2026-01-21 10:25:32.989
110,121,101,190,44,2026-01-21 10:25:33.132
129,140,120,206,44,2026-01-21 10:25:33.275
115,124,107,185,46,2026-01-21 10:25:33.418
98,106,90,164,50,2026-01-21 10:25:33.561
108,116,100,172,50,2026-01-21 10:25:33.704
104,111,96,166,50,2026-01-21 10:25:33.847
93,100,85,155,50,2026-01-21 10:25:33.990
101,109,94,163,43,2026-01-21 10:25:34.133
102,111,95,166,38,2026-01-21 10:25:34.276
91,101,84,157,43,2026-01-21 10:25:34.419
102,112,95,167,43,2026-01-21 10:25:34.562
104,113,97,168,47,2026-01-21 10:25:34.705
94,102,87,156,52,2026-01-21 10:25:34.848
88,95,80,150,56,2026-01-21 10:25:34.991
103,109,95,164,55,2026-01-21 10:25:35.134
96,102,88,156,61,2026-01-21 10:25:35.277
87,93,79,147,60,2026-01-21 10:25:35.420
99,105,92,159,64,2026-01-21 10:25:35.563
94,99,86,152,66,2026-01-21 10:25:35.706
87,92,79,145,67,2026-01-21 10:25:35.849
96,101,88,154,60,2026-01-21 10:25:35.992
94,99,86,152,68,2026-01-21 10:25:36.135
88,92,80,146,69,2026-01-21 10:25:36.302
98,103,90,160,71,2026-01-21 10:25:36.421
147,203,143,375,84,2026-01-21 10:25:36.564
148,201,141,375,93,2026-01-21 10:25:36.707
152,194,144,352,80,2026-01-21 10:25:36.850
169,217,159,392,73,2026-01-21 10:25:36.993
178,235,164,435,67,2026-01-21 10:25:37.136
180,240,166,443,56,2026-01-21 10:25:37.279
177,245,165,467,52,2026-01-21 10:25:37.422
183,264,172,522,49,2026-01-21 10:25:37.565
197,286,189,550,51,2026-01-21 10:25:37.708
191,273,186,533,51,2026-01-21 10:25:37.851
165,234,162,455,50,2026-01-21 10:25:37.994
159,213,156,393,50,2026-01-21 10:25:38.137
139,174,135,313,49,2026-01-21 10:25:38.280
122,151,117,270,46,2026-01-21 10:25:38.423
137,168,131,289,54,2026-01-21 10:25:38.566
143,177,137,311,53,2026-01-21 10:25:38.709
144,178,136,315,50,2026-01-21 10:25:38.852
161,199,139,345,50,2026-01-21 10:25:38.995
170,214,162,374,49,2026-01-21 10:25:39.138
171,221,162,399,53,2026-01-21 10:25:39.281
165,222,156,411,56,2026-01-21 10:25:39.424
177,236,168,427,59,2026-01-21 10:25:39.567
172,235,165,448,61,2026-01-21 10:25:39.710
165,228,159,453,61,2026-01-21 10:25:39.853
179,243,173,478,59,2026-01-21 10:25:39.996
204,283,201,586,54,2026-01-21 10:25:40.139
239,343,237,739,47,2026-01-21 10:25:40.282
273,396,273,829,43,2026-01-21 10:25:40.425
273,413,275,853,41,2026-01-21 10:25:40.568
257,406,259,844,45,2026-01-21 10:25:40.711
279,433,282,860,45,2026-01-21 10:25:40.854
271,433,273,854,40,2026-01-21 10:25:40.997
259,433,262,868,37,2026-01-21 10:25:41.140
307,489,310,936,33,2026-01-21 10:25:41.283
301,479,304,924,36,2026-01-21 10:25:41.426
288,473,288,942,45,2026-01-21 10:25:41.569
322,508,320,988,42,2026-01-21 10:25:41.712
325,506,319,992,45,2026-01-21 10:25:41.855
311,479,302,953,41,2026-01-21 10:25:41.998
325,491,317,955,42,2026-01-21 10:25:42.141
313,474,305,925,42,2026-01-21 10:25:42.284
275,425,269,836,44,2026-01-21 10:25:42.427
270,408,265,785,41,2026-01-21 10:25:42.570
279,415,279,824,45,2026-01-21 10:25:42.713
270,406,275,836,44,2026-01-21 10:25:42.856
285,426,290,862,42,2026-01-21 10:25:42.999
301,468,303,943,41,2026-01-21 10:25:43.142
316,511,314,1042,41,2026-01-21 10:25:43.285
362,551,331,1170,35,2026-01-21 10:25:43.428
389,606,395,1234,34,2026-01-21 10:25:43.571
421,659,429,1413,31,2026-01-21 10:25:43.714
359,602,369,1282,29,2026-01-21 10:25:43.857
383,621,393,1215,25,2026-01-21 10:25:44.000
321,537,332,1034,30,2026-01-21 10:25:44.143
305,536,311,1087,33,2026-01-21 10:25:44.286
381,635,388,1226,40,2026-01-21 10:25:44.429
392,656,388,1309,43,2026-01-21 10:25:44.572
340,570,333,1152,42,2026-01-21 10:25:44.715
354,569,345,1117,42,2026-01-21 10:25:44.858
325,517,313,1021,42,2026-01-21 10:25:45.001
285,457,273,912,48,2026-01-21 10:25:45.144
291,452,278,888,51,2026-01-21 10:25:45.287
285,448,272,888,41,2026-01-21 10:25:45.430
291,480,283,966,44,2026-01-21 10:25:45.573
321,521,319,1022,40,2026-01-21 10:25:45.716
316,515,316,1014,38,2026-01-21 10:25:45.859
283,478,285,953,41,2026-01-21 10:25:46.002
319,516,320,992,46,2026-01-21 10:25:46.145
309,496,304,969,48,2026-01-21 10:25:46.288
276,428,262,845,53,2026-01-21 10:25:46.431
275,406,258,788,50,2026-01-21 10:25:46.574
274,403,257,785,48,2026-01-21 10:25:46.717
258,388,243,760,50,2026-01-21 10:25:46.860
253,373,240,723,49,2026-01-21 10:25:47.003
259,382,250,763,47,2026-01-21 10:25:47.146
264,404,260,828,41,2026-01-21 10:25:47.289
289,453,286,898,39,2026-01-21 10:25:47.432
327,520,327,1030,33,2026-01-21 10:25:47.575
291,472,295,944,32,2026-01-21 10:25:47.718
233,389,236,861,27,2026-01-21 10:25:47.861
300,468,305,874,27,2026-01-21 10:25:48.004
300,496,307,965,30,2026-01-21 10:25:48.147
291,510,299,1034,27,2026-01-21 10:25:48.290
362,594,368,1151,28,2026-01-21 10:25:48.433
382,649,388,1285,36,2026-01-21 10:25:48.576
397,696,398,1422,35,2026-01-21 10:25:48.719
423,701,422,1381,38,2026-01-21 10:25:48.862
304,489,302,955,39,2026-01-21 10:25:49.005
180,281,180,545,40,2026-01-21 10:25:49.148
172,234,170,405,34,2026-01-21 10:25:49.291
148,196,145,329,32,2026-01-21 10:25:49.434
159,256,166,497,31,2026-01-21 10:25:49.577
250,393,265,726,26,2026-01-21 10:25:49.720
303,499,320,952,26,2026-01-21 10:25:49.863
237,408,251,811,30,2026-01-21 10:25:50.006
286,457,298,864,34,2026-01-21 10:25:50.149
274,443,280,853,42,2026-01-21 10:25:50.292
365,619,360,1260,43,2026-01-21 10:25:50.435
380,630,377,1261,33,2026-01-21 10:25:50.578
176,250,177,435,22,2026-01-21 10:25:50.721
125,171,122,276,20,2026-01-21 10:25:50.864
201,249,198,348,21,2026-01-21 10:25:51.007
241,306,238,426,18,2026-01-21 10:25:51.150
177,252,177,391,21,2026-01-21 10:25:51.293
281,352,279,478,20,2026-01-21 10:25:51.436
281,357,279,490,30,2026-01-21 10:25:51.579
238,339,242,514,32,2026-01-21 10:25:51.722
404,508,409,685,20,2026-01-21 10:25:51.865
259,326,256,445,21,2026-01-21 10:25:52.008
142,183,138,275,27,2026-01-21 10:25:52.151
88,112,82,261,36,2026-01-21 10:25:52.294
129,148,123,213,33,2026-01-21 10:25:52.437
113,133,107,199,32,2026-01-21 10:25:52.580
88,111,83,183,28,2026-01-21 10:25:52.723
146,171,140,242,27,2026-01-21 10:25:52.866
129,156,124,230,28,2026-01-21 10:25:53.009
89,112,84,183,33,2026-01-21 10:25:53.152
141,162,134,231,36,2026-01-21 10:25:53.295
118,135,112,199,44,2026-01-21 10:25:53.438
90,102,83,161,46,2026-01-21 10:25:53.581
115,127,108,186,45,2026-01-21 10:25:53.724
109,121,102,180,39,2026-01-21 10:25:53.867
96,109,88,172,41,2026-01-21 10:25:54.010
